run_accession	fastq_bytes	country
SRR31227255	1253414445;1332506044	South Africa: Agincourt
SRR31227258	1161562134;1218695480	South Africa: Agincourt
SRR31227259	1709441166;1793091608	South Africa: Agincourt
SRR31227260	1018495763;1081807574	South Africa: Agincourt
SRR31227265	1128381999;1149459554	South Africa: Agincourt
SRR31227268	1235356273;1305092294	South Africa: Agincourt
SRR31227273	1100686900;1144789527	South Africa: Agincourt
SRR31227278	1089355033;1142256794	South Africa: Agincourt
SRR31227279	1254815697;1319846785	South Africa: Agincourt
SRR31227283	1112086231;1156202174	South Africa: Agincourt
SRR31227285	985747641;1087286132	South Africa: Agincourt
SRR31227286	1200395028;1278585659	South Africa: Agincourt
SRR31227288	1242024041;1310514417	South Africa: Agincourt
SRR31227292	1037099136;1072554867	South Africa: Agincourt
SRR31227294	1080617113;1120727336	South Africa: Agincourt
SRR31227295	1142924856;1174029787	South Africa: Agincourt
SRR31227298	978069100;1013963036	South Africa: Agincourt
SRR31227299	1219686658;1286429132	South Africa: Agincourt
SRR31227306	1249975595;1314724448	South Africa: Agincourt
SRR31227310	1068249191;1100596397	South Africa: Agincourt
SRR31227312	1274615533;1342745447	South Africa: Agincourt
SRR31227313	1279455100;1335955171	South Africa: Agincourt
SRR31227316	1196335906;1278350719	South Africa: Agincourt
SRR31227317	1117196720;1136693396	South Africa: Agincourt
SRR31227325	1182476361;1208156408	South Africa: Agincourt
SRR31227328	1192010330;1259878959	South Africa: Agincourt
SRR31227329	1419459858;1475723062	South Africa: Agincourt
SRR31227330	1182658340;1227442715	South Africa: Agincourt
SRR31227332	1135436137;1179688485	South Africa: Agincourt
SRR31227334	1017088705;1052450912	South Africa: Agincourt
SRR31227338	1251425251;1316963978	South Africa: Agincourt
SRR31227339	1268474456;1348377934	South Africa: Agincourt
SRR31227358	1098775872;1148597901	South Africa: Agincourt
SRR31227359	1265171882;1333524790	South Africa: Agincourt
SRR31227362	1175826719;1223906774	South Africa: Agincourt
SRR31227364	1167013299;1213221261	South Africa: Agincourt
SRR31227366	1059913383;1107543924	South Africa: Agincourt
SRR31227371	1055620219;1100322351	South Africa: Agincourt
SRR31227375	1145849429;1181647717	South Africa: Agincourt
SRR31227376	1108630048;1160891738	South Africa: Agincourt
SRR31227385	648688080;674326331	South Africa: Agincourt
SRR31227387	1064496953;1090105349	South Africa: Agincourt
SRR31227389	1254716825;1318671085	South Africa: Agincourt
SRR31227391	1069452708;1099846288	South Africa: Agincourt
SRR31227394	1086587189;1129208676	South Africa: Agincourt
SRR31227395	1238561504;1306130895	South Africa: Agincourt
SRR31227397	1290873812;1326725843	South Africa: Agincourt
SRR31227399	1013961421;1054348684	South Africa: Agincourt
SRR31227404	764189264;802401575	South Africa: Agincourt
SRR31227406	1241216165;1274676610	South Africa: Agincourt
SRR31227409	1040864831;1115972432	South Africa: Agincourt
SRR31227410	1102101921;1144523660	South Africa: Agincourt
SRR31227413	1099992917;1165141280	South Africa: Agincourt
SRR31227418	1020858036;1086902942	South Africa: Agincourt
SRR31227421	1258727586;1314544481	South Africa: Agincourt
SRR31227425	1335942272;1373890786	South Africa: Agincourt
SRR31227426	1152076020;1178361010	South Africa: Agincourt
SRR31227428	1077796410;1123041344	South Africa: Agincourt
SRR31227431	1182520573;1259434083	South Africa: Agincourt
SRR31227433	1222241773;1288089386	South Africa: Agincourt
SRR31227434	1054675579;1091128125	South Africa: Agincourt
SRR31227435	1066772963;1103688913	South Africa: Agincourt
SRR31227436	993574637;1056829026	South Africa: Agincourt
SRR31227439	916417534;956171119	South Africa: Agincourt
SRR31227442	1398559409;1451791154	South Africa: Agincourt
SRR31227447	1091697892;1145370678	South Africa: Agincourt
SRR31227452	1194587160;1254175686	South Africa: Agincourt
SRR31227455	1106497756;1158424968	South Africa: Agincourt
SRR31227456	1130960223;1173802257	South Africa: Agincourt
SRR31227458	1168245057;1248804894	South Africa: Agincourt
SRR31227459	1150500403;1227172927	South Africa: Agincourt
SRR31227460	1137468107;1170275050	South Africa: Agincourt
SRR31227464	1697757669;1770749712	South Africa: Agincourt
SRR31227465	1043986205;1087487904	South Africa: Agincourt
SRR31227466	1046590684;1122917118	South Africa: Agincourt
SRR31227468	1217314905;1257064381	South Africa: Agincourt
SRR31227476	1276839858;1298937343	South Africa: Agincourt
SRR31227479	1018297625;1088848788	South Africa: Agincourt
SRR31227483	1376227546;1415680985	South Africa: Agincourt
SRR31227485	1093335389;1149296528	South Africa: Agincourt
SRR31227487	1290759281;1371403654	South Africa: Agincourt
SRR31227490	1210497288;1250560715	South Africa: Agincourt
SRR31227496	1062179028;1135453389	South Africa: Agincourt
SRR31227497	1233180293;1310904949	South Africa: Agincourt
SRR31227506	1078134600;1109338508	South Africa: Agincourt
SRR31227508	1062188132;1116640948	South Africa: Agincourt
SRR31227510	1020895959;1067690071	South Africa: Agincourt
SRR31227512	1049369756;1101988252	South Africa: Agincourt
SRR31227513	1058154696;1096738172	South Africa: Agincourt
SRR31227518	1121794832;1168059771	South Africa: Agincourt
SRR31227523	1149256297;1206986534	South Africa: Agincourt
SRR31227526	1153579462;1204233238	South Africa: Agincourt
SRR31227529	1316214113;1346718697	South Africa: Agincourt
SRR31227534	1262278404;1313816129	South Africa: Agincourt
SRR31227544	1160002366;1200925970	South Africa: Agincourt
SRR31227547	1201243623;1251733262	South Africa: Agincourt
SRR31227559	1011126134;1053121714	South Africa: Agincourt
SRR31227562	1239840649;1326767370	South Africa: Agincourt
SRR31227565	1000155291;1042941714	South Africa: Agincourt
SRR31227568	1069601756;1112935838	South Africa: Agincourt
SRR31227571	1042710868;1088092070	South Africa: Agincourt
SRR31227572	994925574;1042045647	South Africa: Agincourt
SRR31227573	1167326712;1239420208	South Africa: Agincourt
SRR31227576	1025122680;1065116183	South Africa: Agincourt
SRR31227577	1093180887;1133342545	South Africa: Agincourt
SRR31227579	1035699910;1096874618	South Africa: Agincourt
SRR31227581	1034295197;1082714091	South Africa: Agincourt
SRR31227583	968090038;1028258723	South Africa: Agincourt
SRR31227584	1101108894;1150699296	South Africa: Agincourt
SRR31227587	1382958486;1422438676	South Africa: Agincourt
SRR31227588	1164184379;1209720845	South Africa: Agincourt
SRR31227593	1322022566;1395670127	South Africa: Agincourt
SRR31227596	956963497;995689395	South Africa: Agincourt
SRR31227597	1155790599;1198200507	South Africa: Agincourt
SRR31227603	1192272209;1258303078	South Africa: Agincourt
SRR31227605	1281465079;1324590697	South Africa: Agincourt
SRR31227607	1128766952;1183884573	South Africa: Agincourt
SRR31227610	1161546576;1211461921	South Africa: Agincourt
SRR31227617	1302204766;1363099841	South Africa: Agincourt
SRR31227619	1099575274;1132707614	South Africa: Agincourt
SRR31227620	1268732113;1324124389	South Africa: Agincourt
SRR31227622	981304153;1013347153	South Africa: Agincourt
SRR31227623	1014169410;1058458548	South Africa: Agincourt
SRR31227626	1107752425;1165663705	South Africa: Agincourt
SRR31227632	990770293;1051765237	South Africa: Agincourt
SRR31227635	1110325572;1146232553	South Africa: Agincourt
SRR31227636	1136850916;1181626013	South Africa: Agincourt
SRR31227642	1171846595;1221599243	South Africa: Agincourt
SRR31227647	1358124097;1411308288	South Africa: Agincourt
SRR31227648	1232802044;1307417295	South Africa: Agincourt
SRR31227650	1013537259;1059668374	South Africa: Agincourt
SRR31227651	1133222430;1192509268	South Africa: Agincourt
SRR31227655	1213702867;1253595683	South Africa: Agincourt
SRR31227658	1210305305;1266686651	South Africa: Agincourt
SRR31227659	1222306251;1285754222	South Africa: Agincourt
SRR31227666	1050370925;1101323761	South Africa: Agincourt
SRR31227670	1128855083;1166014638	South Africa: Agincourt
SRR31227672	1050004332;1141838282	South Africa: Agincourt
SRR31227680	1192330941;1254100799	South Africa: Agincourt
SRR31227681	1258637077;1334798830	South Africa: Agincourt
SRR31227685	1038794586;1082453867	South Africa: Agincourt
SRR31227686	1065800601;1103537636	South Africa: Agincourt
SRR31227688	1021531503;1063905078	South Africa: Agincourt
SRR31227689	1338815715;1396414602	South Africa: Agincourt
SRR31227692	1258394061;1333645074	South Africa: Agincourt
SRR31227693	1219833887;1282626590	South Africa: Agincourt
SRR31227694	1190506958;1241096961	South Africa: Agincourt
SRR31227695	1352687712;1407483340	South Africa: Agincourt
SRR31227698	1203582938;1266916102	South Africa: Agincourt
SRR31227699	1041978634;1067476090	South Africa: Agincourt
SRR31227703	1220985758;1263373181	South Africa: Agincourt
SRR31227705	1076315897;1117694760	South Africa: Agincourt
SRR31227707	979093581;1015290872	South Africa: Agincourt
SRR31227708	1198049891;1242765013	South Africa: Agincourt
SRR31227710	1061610958;1087494108	South Africa: Agincourt
SRR31227711	1067474945;1118744538	South Africa: Agincourt
SRR31227717	956092822;1026726076	South Africa: Agincourt
SRR31227723	1191609322;1253239169	South Africa: Agincourt
SRR31227724	1078152149;1153618944	South Africa: Agincourt
SRR31227725	1089445489;1137000797	South Africa: Agincourt
SRR31227736	1091975845;1118610580	South Africa: Agincourt
SRR31227737	1245142520;1307125442	South Africa: Agincourt
SRR31227741	1104310899;1140038500	South Africa: Agincourt
SRR31227745	1069466764;1117499751	South Africa: Agincourt
SRR31227747	1168470747;1214346199	South Africa: Agincourt
SRR31227748	1131392999;1189710199	South Africa: Agincourt
SRR31227751	1179622312;1229110082	South Africa: Agincourt
SRR31227752	1008430688;1047910360	South Africa: Agincourt
SRR31227753	1073572486;1122678262	South Africa: Agincourt
SRR31227754	1052158466;1093985502	South Africa: Agincourt
SRR31227759	1125991548;1178912841	South Africa: Agincourt
SRR31227762	1088686867;1132377518	South Africa: Agincourt
SRR31227766	1012283431;1055549933	South Africa: Agincourt
SRR31227767	1214372147;1261796923	South Africa: Agincourt
SRR31227771	1038047811;1105152345	South Africa: Agincourt
SRR31227776	1162769577;1213521161	South Africa: Agincourt
SRR31227777	1276187699;1327775444	South Africa: Agincourt
SRR31227779	1150193851;1211957885	South Africa: Agincourt
SRR31227780	1042859545;1088416331	South Africa: Agincourt
SRR31227781	1021365329;1059170088	South Africa: Agincourt
SRR31227783	1057813142;1104220917	South Africa: Agincourt
SRR31227784	1240071131;1281784965	South Africa: Agincourt
SRR31227931	1046171531;1086540692	Burkina Faso: Nanoro
SRR31227936	1118190396;1138088997	Burkina Faso: Nanoro
SRR31227937	1207126825;1262236474	Burkina Faso: Nanoro
SRR31227938	1171458524;1221491469	Burkina Faso: Nanoro
SRR31227941	994987546;1034168515	Burkina Faso: Nanoro
SRR31227946	1236145410;1262528430	Burkina Faso: Nanoro
SRR31227949	1082198310;1119808784	Burkina Faso: Nanoro
SRR31227952	1108166856;1139998414	Burkina Faso: Nanoro
SRR31227954	1155821777;1208643194	Burkina Faso: Nanoro
SRR31227961	1090531464;1146827837	Burkina Faso: Nanoro
SRR31227968	1185762875;1253440487	Burkina Faso: Nanoro
SRR31227970	1100649578;1136494996	Burkina Faso: Nanoro
SRR31227974	990500240;1031639450	Burkina Faso: Nanoro
SRR31227975	1002819031;1065109430	Burkina Faso: Nanoro
SRR31227977	1216369669;1249718768	Burkina Faso: Nanoro
SRR31227986	1149372230;1204119417	Burkina Faso: Nanoro
SRR31227994	1142064698;1194837449	Burkina Faso: Nanoro
SRR31227995	1240038869;1324354268	Burkina Faso: Nanoro
SRR31227996	1058044644;1097663556	Burkina Faso: Nanoro
SRR31228002	1759071694;1829164833	Burkina Faso: Nanoro
SRR31228006	1061756139;1107823392	Burkina Faso: Nanoro
SRR31228008	1185030268;1232775167	Burkina Faso: Nanoro
SRR31228011	1063131365;1128802682	Burkina Faso: Nanoro
SRR31228021	1069825911;1110547918	Burkina Faso: Nanoro
SRR31228023	1162994337;1217653940	Burkina Faso: Nanoro
SRR31228025	1229505196;1297705111	Burkina Faso: Nanoro
SRR31228028	913129460;942747911	Burkina Faso: Nanoro
SRR31228031	1052724524;1097407655	Burkina Faso: Nanoro
SRR31228034	1092508821;1115736947	Burkina Faso: Nanoro
SRR31228038	1363980567;1447640259	Burkina Faso: Nanoro
SRR31228042	1057124634;1106840307	Burkina Faso: Nanoro
SRR31228045	1160423788;1210749959	Burkina Faso: Nanoro
SRR31228048	313542580;327769844	Burkina Faso: Nanoro
SRR31228049	1030590529;1080354514	Burkina Faso: Nanoro
SRR31228050	1028961011;1076237417	Burkina Faso: Nanoro
SRR31228051	1050275983;1075518810	Burkina Faso: Nanoro
SRR31228056	1022648121;1066135047	Burkina Faso: Nanoro
SRR31228057	1088020638;1124079912	Burkina Faso: Nanoro
SRR31228060	1233149883;1310456584	Burkina Faso: Nanoro
SRR31228064	1231485086;1287724717	Burkina Faso: Nanoro
SRR31228067	1135272854;1184721546	Burkina Faso: Nanoro
SRR31228068	1255069203;1330455245	Burkina Faso: Nanoro
SRR31228072	1156996067;1175664883	Burkina Faso: Nanoro
SRR31228079	1207124027;1237725662	Burkina Faso: Nanoro
SRR31228082	1146229742;1193052294	Burkina Faso: Nanoro
SRR31228084	1046701226;1069058033	Burkina Faso: Nanoro
SRR31228085	1053967811;1110586495	Burkina Faso: Nanoro
SRR31228086	1229433681;1268011282	Burkina Faso: Nanoro
SRR31228091	1049723141;1080695750	Burkina Faso: Nanoro
SRR31228101	1436981207;1501922487	Burkina Faso: Nanoro
SRR31228106	1161408260;1221446149	Burkina Faso: Nanoro
SRR31228109	1116461978;1154272275	Burkina Faso: Nanoro
SRR31228115	1124632529;1164715485	Burkina Faso: Nanoro
SRR31228119	1091583415;1131930663	Burkina Faso: Nanoro
SRR31228123	1126437233;1182341876	Burkina Faso: Nanoro
SRR31228125	1220398308;1291400336	Burkina Faso: Nanoro
SRR31228127	1083363277;1117033224	Burkina Faso: Nanoro
SRR31228129	1213568370;1275199712	Burkina Faso: Nanoro
SRR31228130	1126605927;1164002246	Burkina Faso: Nanoro
SRR31228132	1244880543;1319100748	Burkina Faso: Nanoro
SRR31228134	1228043364;1300883296	Burkina Faso: Nanoro
SRR31228136	1041745020;1089924741	Burkina Faso: Nanoro
SRR31228142	1282495827;1330917416	Burkina Faso: Nanoro
SRR31228143	1115056974;1151630247	Burkina Faso: Nanoro
SRR31228146	1248003287;1282853410	Burkina Faso: Nanoro
SRR31228149	1265597626;1307784811	Burkina Faso: Nanoro
SRR31228150	1259888187;1304908776	Burkina Faso: Nanoro
SRR31228153	1294945547;1348026673	Burkina Faso: Nanoro
SRR31228158	1261660349;1280909653	Burkina Faso: Nanoro
SRR31228165	1073125199;1117604195	Burkina Faso: Nanoro
SRR31228168	969187512;1013498633	Burkina Faso: Nanoro
SRR31228170	1032471821;1074816732	Burkina Faso: Nanoro
SRR31228173	880555737;910175612	Burkina Faso: Nanoro
SRR31228178	1028763494;1064246639	Burkina Faso: Nanoro
SRR31228181	1221223242;1262430802	Burkina Faso: Nanoro
SRR31228192	1222516358;1264263396	Burkina Faso: Nanoro
SRR31228195	1074249298;1112156620	Burkina Faso: Nanoro
SRR31228196	1078855081;1136804925	Burkina Faso: Nanoro
SRR31228198	1026298834;1049956362	Burkina Faso: Nanoro
SRR31228200	1278630354;1326245302	Burkina Faso: Nanoro
SRR31228201	1229955895;1272058503	Burkina Faso: Nanoro
SRR31228203	1107683060;1141477715	Burkina Faso: Nanoro
SRR31228215	1267051210;1309599552	Burkina Faso: Nanoro
SRR31228218	1055641921;1094157784	Burkina Faso: Nanoro
SRR31228221	1219242323;1272600972	Burkina Faso: Nanoro
SRR31228224	1135397906;1193539232	Burkina Faso: Nanoro
SRR31228225	1034787823;1080753793	Burkina Faso: Nanoro
SRR31228232	1213149368;1246873189	Burkina Faso: Nanoro
SRR31228236	1049937567;1089185164	Burkina Faso: Nanoro
SRR31228238	1280044956;1343340931	Burkina Faso: Nanoro
SRR31228239	1113908694;1165224929	Burkina Faso: Nanoro
SRR31228240	1011569469;1051844367	Burkina Faso: Nanoro
SRR31228243	1091235195;1129459080	Burkina Faso: Nanoro
SRR31228248	1250175466;1303079040	Burkina Faso: Nanoro
SRR31228250	1044167170;1073059379	Burkina Faso: Nanoro
SRR31228261	1196402552;1228625351	Burkina Faso: Nanoro
SRR31228265	1037058656;1093886440	Burkina Faso: Nanoro
SRR31228270	1228439170;1282280529	Burkina Faso: Nanoro
SRR31228271	1036720085;1071932027	Burkina Faso: Nanoro
SRR31228273	1173244921;1213323669	Burkina Faso: Nanoro
SRR31228276	1050497166;1076411365	Burkina Faso: Nanoro
SRR31228286	1053032689;1075800883	Burkina Faso: Nanoro
SRR31228287	1006739847;1036823081	Burkina Faso: Nanoro
SRR31228293	1177616282;1256285013	Burkina Faso: Nanoro
SRR31228295	1094245473;1160802212	Burkina Faso: Nanoro
SRR31228297	1088152278;1138914417	Burkina Faso: Nanoro
SRR31228298	1024044663;1077787991	Burkina Faso: Nanoro
SRR31228302	1223519809;1235292918	Burkina Faso: Nanoro
SRR31228303	1201766803;1245154087	Burkina Faso: Nanoro
SRR31228304	1183428809;1239096503	Burkina Faso: Nanoro
SRR31228306	1140653588;1183428584	Burkina Faso: Nanoro
SRR31228308	1046071518;1109360710	Burkina Faso: Nanoro
SRR31228309	1207723155;1263489075	Burkina Faso: Nanoro
SRR31228313	1221770455;1277431661	Burkina Faso: Nanoro
SRR31239410	1224813653;1298315438	Ghana: Navrongo
SRR31239412	1171432385;1210610387	Ghana: Navrongo
SRR31239413	1088717413;1137249728	Ghana: Navrongo
SRR31239417	1148684963;1185920513	Ghana: Navrongo
SRR31239418	1213825041;1282100999	Ghana: Navrongo
SRR31239423	1234752880;1279898308	Ghana: Navrongo
SRR31239429	1279218253;1335464503	Ghana: Navrongo
SRR31239430	1178611595;1253541690	Ghana: Navrongo
SRR31239431	1419188621;1521094857	Ghana: Navrongo
SRR31239432	1007242914;1052018120	Ghana: Navrongo
SRR31239445	1107559432;1157028311	Ghana: Navrongo
SRR31239451	1178316566;1245793595	Ghana: Navrongo
SRR31239452	1080852048;1129477474	Ghana: Navrongo
SRR31239453	1069527872;1134668246	Ghana: Navrongo
SRR31239456	1119407350;1170403904	Ghana: Navrongo
SRR31239467	1154994582;1219550833	Ghana: Navrongo
SRR31239470	1178079843;1211088704	Ghana: Navrongo
SRR31239471	1199125393;1261196943	Ghana: Navrongo
SRR31239472	1161217157;1206964772	Ghana: Navrongo
SRR31239473	998498681;1048560553	Ghana: Navrongo
SRR31239475	1177970819;1225572222	Ghana: Navrongo
SRR31239476	1239295548;1279979516	Ghana: Navrongo
SRR31239481	1116565930;1157493209	Ghana: Navrongo
SRR31239482	1105546581;1141593148	Ghana: Navrongo
SRR31239483	1212582473;1254429513	Ghana: Navrongo
SRR31239486	1169028225;1230562500	Ghana: Navrongo
SRR31239487	1077091373;1107701558	Ghana: Navrongo
SRR31239489	1045966932;1091230976	Ghana: Navrongo
SRR31239493	1145361566;1165547175	Ghana: Navrongo
SRR31239498	1030783720;1080102765	Ghana: Navrongo
SRR31239501	976410344;1015410220	Ghana: Navrongo
SRR31239510	1170377738;1241913083	Ghana: Navrongo
SRR31239513	1157682915;1200973106	Ghana: Navrongo
SRR31239514	1115204135;1142150065	Ghana: Navrongo
SRR31239516	1091529452;1129579797	Ghana: Navrongo
SRR31239527	1493167372;1549649331	Ghana: Navrongo
SRR31239528	1198469541;1261020097	Ghana: Navrongo
SRR31239530	942951229;986889514	Ghana: Navrongo
SRR31239532	1095285175;1153287963	Ghana: Navrongo
SRR31239538	1272356804;1318686557	Ghana: Navrongo
SRR31239539	1196298502;1242204112	Ghana: Navrongo
SRR31239545	1108603525;1143673754	Ghana: Navrongo
SRR31239548	1196105545;1230283617	Ghana: Navrongo
SRR31239549	1102826236;1166752945	Ghana: Navrongo
SRR31239553	1313075362;1367897305	Ghana: Navrongo
SRR31239555	1039574415;1070230031	Ghana: Navrongo
SRR31239557	1199070063;1245476797	Ghana: Navrongo
SRR31239559	1106802304;1149666805	Ghana: Navrongo
SRR31239562	1016994049;1078106074	Ghana: Navrongo
SRR31239568	1213145168;1285107474	Ghana: Navrongo
SRR31239569	1285476415;1363483952	Ghana: Navrongo
SRR31239570	1196370925;1252146672	Ghana: Navrongo
SRR31239575	1181419032;1234343201	Ghana: Navrongo
SRR31239577	1090872634;1128550280	Ghana: Navrongo
SRR31239584	1218168280;1262995633	Ghana: Navrongo
SRR31239588	1212956230;1244169636	Ghana: Navrongo
SRR31239593	1081128857;1113374004	Ghana: Navrongo
SRR31239596	1166738195;1217765947	Ghana: Navrongo
SRR31239597	1218742539;1312212047	Ghana: Navrongo
SRR31239599	1128641564;1171054220	Ghana: Navrongo
SRR31239601	1193283695;1252636799	Ghana: Navrongo
SRR31239603	1158100563;1202298175	Ghana: Navrongo
SRR31239604	1063683147;1116981469	Ghana: Navrongo
SRR31239609	1248335050;1280117892	Ghana: Navrongo
SRR31239620	1065368030;1116770700	Ghana: Navrongo
SRR31239622	1042665288;1101207332	Ghana: Navrongo
SRR31239625	1135629602;1175985506	Ghana: Navrongo
SRR31239626	1113244054;1155418200	Ghana: Navrongo
SRR31239631	1275738263;1352245508	Ghana: Navrongo
SRR31239632	1292045512;1365382691	Ghana: Navrongo
SRR31239636	1154015929;1222187676	Ghana: Navrongo
SRR31239639	1108836298;1164904629	Ghana: Navrongo
SRR31239642	1113352719;1182213995	Ghana: Navrongo
SRR31239926	1059549909;1120674904	South Africa: DIMAMO
SRR31239927	1330698411;1413214232	South Africa: DIMAMO
SRR31239930	1185419038;1252058367	South Africa: DIMAMO
SRR31239932	1209830506;1262029850	South Africa: DIMAMO
SRR31239934	1021912525;1067773661	South Africa: DIMAMO
SRR31239941	967820882;1021176630	South Africa: DIMAMO
SRR31239944	1035380980;1087593877	South Africa: DIMAMO
SRR31239945	1050506042;1082757795	South Africa: DIMAMO
SRR31239947	1116311074;1163143677	South Africa: DIMAMO
SRR31239949	1001675430;1024877634	South Africa: DIMAMO
SRR31239952	1046457487;1108259429	South Africa: DIMAMO
SRR31239954	1091083122;1138613453	South Africa: DIMAMO
SRR31239959	1032671118;1076617191	South Africa: DIMAMO
SRR31239960	1124140367;1186687432	South Africa: DIMAMO
SRR31239961	1284896746;1386234786	South Africa: DIMAMO
SRR31239964	1069061955;1106989671	South Africa: DIMAMO
SRR31239965	1299410854;1336279930	South Africa: DIMAMO
SRR31239968	1046092399;1085876636	South Africa: DIMAMO
SRR31239971	1057375195;1104227669	South Africa: DIMAMO
SRR31239972	987300928;1012531474	South Africa: DIMAMO
SRR31239974	1100245335;1131641979	South Africa: DIMAMO
SRR31239975	1101321705;1149307963	South Africa: DIMAMO
SRR31239978	1039184360;1108842571	South Africa: DIMAMO
SRR31239981	1046937552;1083713298	South Africa: DIMAMO
SRR31239983	1130793056;1182705767	South Africa: DIMAMO
SRR31239985	1073405693;1147446100	South Africa: DIMAMO
SRR31239986	1196577574;1244629716	South Africa: DIMAMO
SRR31239989	1203721243;1247711063	South Africa: DIMAMO
SRR31239995	1099436233;1135634436	South Africa: DIMAMO
SRR31240000	1080885464;1118219405	South Africa: DIMAMO
SRR31240001	1081966592;1115143257	South Africa: DIMAMO
SRR31240002	1197245786;1250518782	South Africa: DIMAMO
SRR31240003	1165788665;1231350070	South Africa: DIMAMO
SRR31240004	1102046302;1150996331	South Africa: DIMAMO
SRR31240009	2284910016;2438147841	South Africa: DIMAMO
SRR31240011	1223878274;1267301045	South Africa: DIMAMO
SRR31240012	1314197286;1367611226	South Africa: DIMAMO
SRR31240014	1053316813;1095711057	South Africa: DIMAMO
SRR31240016	1186590286;1218184143	South Africa: DIMAMO
SRR31240018	1212993650;1257357631	South Africa: DIMAMO
SRR31240025	1108711653;1163011597	South Africa: DIMAMO
SRR31240028	1103988510;1144090971	South Africa: DIMAMO
SRR31240032	1069179686;1110343529	South Africa: DIMAMO
SRR31240036	1082123680;1161150716	South Africa: DIMAMO
SRR31240037	1317239253;1382500172	South Africa: DIMAMO
SRR31240038	1256900477;1333623988	South Africa: DIMAMO
SRR31240041	1109544931;1176308657	South Africa: DIMAMO
SRR31240042	1703804392;1775761261	South Africa: DIMAMO
SRR31240044	1106255709;1167336390	South Africa: DIMAMO
SRR31240050	1194434518;1264135297	South Africa: DIMAMO
SRR31240054	1054840157;1141701962	South Africa: DIMAMO
SRR31240059	1063415795;1114554243	South Africa: DIMAMO
SRR31240062	1097554745;1149322427	South Africa: DIMAMO
SRR31240063	1063593036;1104143675	South Africa: DIMAMO
SRR31240067	1171755807;1198126768	South Africa: DIMAMO
SRR31240069	909209979;943470812	South Africa: DIMAMO
SRR31240071	1059952626;1117487647	South Africa: DIMAMO
SRR31240078	1175232292;1236022255	South Africa: DIMAMO
SRR31240079	1066228340;1113266837	South Africa: DIMAMO
SRR31240082	1080620537;1096761928	South Africa: DIMAMO
SRR31240085	1201325348;1238884587	South Africa: DIMAMO
SRR31240086	1280661915;1321744138	South Africa: DIMAMO
SRR31240088	1042246189;1081212779	South Africa: DIMAMO
SRR31240091	1104784755;1185319932	South Africa: DIMAMO
SRR31240093	1317788910;1357270630	South Africa: DIMAMO
SRR31240094	1161230266;1220375376	South Africa: DIMAMO
SRR31240095	1149979766;1186377375	South Africa: DIMAMO
SRR31240099	1089878314;1149688409	South Africa: DIMAMO
SRR31240100	1039885800;1091035019	South Africa: DIMAMO
SRR31240102	1102921865;1177585025	South Africa: DIMAMO
SRR31240104	1307105893;1367473505	South Africa: DIMAMO
SRR31240106	1151274777;1220026414	South Africa: DIMAMO
SRR31240107	1088430615;1138759997	South Africa: DIMAMO
SRR31240110	1143702109;1213196080	South Africa: DIMAMO
SRR31240112	1168269425;1218316625	South Africa: DIMAMO
SRR31240119	1172185857;1203789152	South Africa: DIMAMO
SRR31240120	1140713103;1199050114	South Africa: DIMAMO
SRR31240122	1061979288;1114867989	South Africa: DIMAMO
SRR31242453	1124779985;1194474341	South Africa: Soweto
SRR31242454	1209478731;1276340077	South Africa: Soweto
SRR31242456	1217409208;1246988087	South Africa: Soweto
SRR31242461	1038288935;1079867701	South Africa: Soweto
SRR31242467	1099666192;1157830259	South Africa: Soweto
SRR31242469	1004768799;1050470477	South Africa: Soweto
SRR31242474	1079830717;1125873989	South Africa: Soweto
SRR31242482	1147699848;1176403983	South Africa: Soweto
SRR31242486	1073764987;1110257267	South Africa: Soweto
SRR31242487	1138438527;1182536815	South Africa: Soweto
SRR31242490	1124379976;1176211821	South Africa: Soweto
SRR31242492	1170457822;1208462261	South Africa: Soweto
SRR31242493	1093913773;1141864598	South Africa: Soweto
SRR31242495	1130932905;1196836275	South Africa: Soweto
SRR31242499	1254220589;1293652882	South Africa: Soweto
SRR31242503	1014581647;1047447894	South Africa: Soweto
SRR31242514	1185654001;1226386085	South Africa: Soweto
SRR31242523	1210947502;1278237113	South Africa: Soweto
SRR31242530	1178380392;1245087742	South Africa: Soweto
SRR31242534	1112775503;1177234434	South Africa: Soweto
SRR31242535	1224639156;1280226273	South Africa: Soweto
SRR31242536	1229873397;1293062848	South Africa: Soweto
SRR31242538	1283727247;1321408579	South Africa: Soweto
SRR31242545	1274608562;1324935922	South Africa: Soweto
SRR31242549	1116530683;1175873895	South Africa: Soweto
SRR31242553	1152655419;1258025191	South Africa: Soweto
SRR31242560	1148308405;1189431667	South Africa: Soweto
SRR31242563	1123579135;1168888265	South Africa: Soweto
SRR31242564	1102939645;1166276041	South Africa: Soweto
SRR31242567	1237401732;1286297788	South Africa: Soweto
SRR31242570	1213249848;1274517040	South Africa: Soweto
SRR31242572	1258643085;1326935802	South Africa: Soweto
SRR31242576	1408513948;1453427717	South Africa: Soweto
SRR31242580	1196937636;1258897179	South Africa: Soweto
SRR31242583	1199753926;1247714755	South Africa: Soweto
SRR31242584	1069397213;1102883573	South Africa: Soweto
SRR31242590	1099442572;1169997632	South Africa: Soweto
SRR31242591	1395126289;1468114829	South Africa: Soweto
SRR31242599	1120109735;1179777966	South Africa: Soweto
SRR31242603	1136117529;1201566461	South Africa: Soweto
SRR31242605	1312626235;1344933509	South Africa: Soweto
SRR31242609	1185893143;1218318327	South Africa: Soweto
SRR31242612	1034368360;1103696740	South Africa: Soweto
SRR31242614	1235827427;1326103819	South Africa: Soweto
SRR31242623	1185463250;1217053515	South Africa: Soweto
SRR31242627	1134650867;1216159427	South Africa: Soweto
SRR31242631	1102499986;1153245752	South Africa: Soweto
SRR31242641	1291943600;1323881841	South Africa: Soweto
SRR31242651	1201475921;1271011774	South Africa: Soweto
SRR31242652	1178056582;1250548221	South Africa: Soweto
SRR31242656	1134311474;1206554012	South Africa: Soweto
SRR31242660	1070128792;1089193996	South Africa: Soweto
SRR31242661	1070326522;1146186275	South Africa: Soweto
SRR31242663	1217736624;1284504176	South Africa: Soweto
SRR31242668	1033093316;1064077454	South Africa: Soweto
SRR31242671	1016498732;1051131918	South Africa: Soweto
SRR31242672	1032046353;1067505165	South Africa: Soweto
SRR31242675	1118287451;1170136417	South Africa: Soweto
SRR31242680	991382978;1024643917	Kenya: Nairobi
SRR31242682	1198647985;1261573841	Kenya: Nairobi
SRR31242685	1079233351;1135564174	Kenya: Nairobi
SRR31242687	1124227507;1185637002	Kenya: Nairobi
SRR31242688	1059864873;1089765211	Kenya: Nairobi
SRR31242689	1072668674;1091401508	Kenya: Nairobi
SRR31242694	68349167;69920241	Kenya: Nairobi
SRR31242697	1128021606;1174532385	Kenya: Nairobi
SRR31242700	950319566;981147382	Kenya: Nairobi
SRR31242704	1161663897;1209414928	Kenya: Nairobi
SRR31242710	1176306085;1246519813	Kenya: Nairobi
SRR31242717	1300588053;1352009625	Kenya: Nairobi
SRR31242719	1018816070;1063286395	Kenya: Nairobi
SRR31242723	1150113264;1190482664	Kenya: Nairobi
SRR31242734	1237582423;1279997329	Kenya: Nairobi
SRR31242738	1135690571;1174846368	Kenya: Nairobi
SRR31242740	1227728439;1284206194	Kenya: Nairobi
SRR31242746	1274489948;1314821145	Kenya: Nairobi
SRR31242752	1184912951;1232107633	Kenya: Nairobi
SRR31242754	1098789976;1163148018	Kenya: Nairobi
SRR31242757	359377337;368931393	Kenya: Nairobi
SRR31242760	953027247;989416043	Kenya: Nairobi
SRR31242761	1045018073;1089011862	Kenya: Nairobi
SRR31242762	1046587654;1087294234	Kenya: Nairobi
SRR31242772	1112857264;1161655058	Kenya: Nairobi
SRR31242773	1129437488;1168363354	Kenya: Nairobi
SRR31242774	1149464752;1183474615	Kenya: Nairobi
SRR31242776	1140347772;1166269042	Kenya: Nairobi
SRR31242777	1248847466;1298867053	Kenya: Nairobi
SRR31242779	1147861543;1205091149	Kenya: Nairobi
SRR31242780	1219483989;1262363284	Kenya: Nairobi
SRR31242781	1038348191;1091721484	Kenya: Nairobi
SRR31242787	1303485432;1377561865	Kenya: Nairobi
SRR31242789	1184200202;1221678302	Kenya: Nairobi
SRR31242790	1047051208;1089329625	Kenya: Nairobi
SRR31242792	1229841146;1302991038	Kenya: Nairobi
SRR31242794	1152690561;1201882938	Kenya: Nairobi
SRR31242795	1047848293;1098409329	Kenya: Nairobi
SRR31242796	1227884013;1295976144	Kenya: Nairobi
SRR31242804	1099048401;1162912575	Kenya: Nairobi
SRR31242805	1107013388;1137650479	Kenya: Nairobi
SRR31242809	1156194486;1197837554	Kenya: Nairobi
SRR31242811	1209181139;1271000462	Kenya: Nairobi
SRR31242813	1117370984;1163131072	Kenya: Nairobi
SRR31242815	1243599421;1307271967	Kenya: Nairobi
SRR31242820	1170450043;1204642871	Kenya: Nairobi
SRR31242828	1159341915;1225615414	Kenya: Nairobi
SRR31242835	1205577705;1278223030	Kenya: Nairobi
SRR31242836	1068152511;1114538563	Kenya: Nairobi
SRR31242841	1234856118;1314700534	Kenya: Nairobi
SRR31242847	944798096;985985041	Kenya: Nairobi
SRR31242852	1264354536;1337821691	Kenya: Nairobi
SRR31242857	1148251409;1184911654	Kenya: Nairobi
SRR31242862	1197236049;1259648013	Kenya: Nairobi
SRR31242863	1183705167;1212957876	Kenya: Nairobi
SRR31242869	1236804148;1274675929	Kenya: Nairobi
SRR31242872	1057770928;1079475212	Kenya: Nairobi
SRR31242873	1221663012;1273312775	Kenya: Nairobi
SRR31242881	1187129815;1233600778	Kenya: Nairobi
SRR31242882	1017989518;1065799783	Kenya: Nairobi
SRR31242884	1105651760;1154908418	Kenya: Nairobi
SRR31242886	1079090160;1130918035	Kenya: Nairobi
SRR31242889	1120080444;1151684166	Kenya: Nairobi
SRR31242891	1191888122;1249197440	Kenya: Nairobi
SRR31242896	1224731025;1281649926	Kenya: Nairobi
SRR31242898	1107163568;1164869321	Kenya: Nairobi
SRR31242902	1151947452;1224373375	Kenya: Nairobi
SRR31242903	1104570721;1168749183	Kenya: Nairobi
SRR31242904	1003216610;1053807872	Kenya: Nairobi
SRR31242906	1205132530;1254825172	Kenya: Nairobi
SRR31242907	1466397514;1506111892	Kenya: Nairobi
SRR31242910	1042659346;1077124919	Kenya: Nairobi
SRR31242911	1130827723;1190322502	Kenya: Nairobi
SRR31242912	1093754494;1127181912	Kenya: Nairobi
SRR31242913	1049454299;1075699925	Kenya: Nairobi
SRR31242915	1036526055;1111523572	Kenya: Nairobi
SRR31242917	1003232270;1030011944	Kenya: Nairobi
SRR31227253	1329092251;1391966052	South Africa: Agincourt
SRR31227254	1032788636;1086573243	South Africa: Agincourt
SRR31227264	1135704077;1216284744	South Africa: Agincourt
SRR31227266	1226405833;1294349329	South Africa: Agincourt
SRR31227269	1087958281;1126177849	South Africa: Agincourt
SRR31227271	1137646243;1179175449	South Africa: Agincourt
SRR31227274	1303150511;1373002294	South Africa: Agincourt
SRR31227276	1129593968;1158850828	South Africa: Agincourt
SRR31227282	1109082396;1163868962	South Africa: Agincourt
SRR31227289	1247251974;1289199556	South Africa: Agincourt
SRR31227290	1058679548;1109346708	South Africa: Agincourt
SRR31227293	1024263581;1063349958	South Africa: Agincourt
SRR31227297	1105658076;1142894019	South Africa: Agincourt
SRR31227301	1193395210;1233401859	South Africa: Agincourt
SRR31227303	1144380521;1185367553	South Africa: Agincourt
SRR31227304	1110530359;1133345369	South Africa: Agincourt
SRR31227308	1087703549;1135466869	South Africa: Agincourt
SRR31227309	1048592319;1080184964	South Africa: Agincourt
SRR31227318	1278932192;1306862349	South Africa: Agincourt
SRR31227319	1019054970;1049699208	South Africa: Agincourt
SRR31227321	1131773893;1182064985	South Africa: Agincourt
SRR31227324	1228652005;1275810559	South Africa: Agincourt
SRR31227326	1153820257;1205911527	South Africa: Agincourt
SRR31227333	1227696612;1257155746	South Africa: Agincourt
SRR31227335	1073613109;1107052908	South Africa: Agincourt
SRR31227337	1225099105;1283298380	South Africa: Agincourt
SRR31227340	1199078036;1244083077	South Africa: Agincourt
SRR31227341	1243335353;1303909860	South Africa: Agincourt
SRR31227346	1137825153;1199568711	South Africa: Agincourt
SRR31227347	1128082620;1163191414	South Africa: Agincourt
SRR31227350	1177731143;1243596604	South Africa: Agincourt
SRR31227351	1092887542;1159665626	South Africa: Agincourt
SRR31227355	1203790301;1251009721	South Africa: Agincourt
SRR31227356	1241783887;1274579550	South Africa: Agincourt
SRR31227361	1246634670;1294142832	South Africa: Agincourt
SRR31227365	1223697055;1269216769	South Africa: Agincourt
SRR31227368	1056040568;1073482562	South Africa: Agincourt
SRR31227369	1228763318;1295194180	South Africa: Agincourt
SRR31227372	1241041320;1274328586	South Africa: Agincourt
SRR31227373	1066754743;1094418859	South Africa: Agincourt
SRR31227374	1021319433;1059509443	South Africa: Agincourt
SRR31227377	1175332669;1203670318	South Africa: Agincourt
SRR31227379	1116083356;1144511258	South Africa: Agincourt
SRR31227380	1347284827;1393586789	South Africa: Agincourt
SRR31227381	1197225752;1278205027	South Africa: Agincourt
SRR31227382	1196464064;1232991897	South Africa: Agincourt
SRR31227386	1601875488;1672676563	South Africa: Agincourt
SRR31227388	1077109618;1152344606	South Africa: Agincourt
SRR31227392	1143569626;1189871385	South Africa: Agincourt
SRR31227393	1174197813;1197596376	South Africa: Agincourt
SRR31227396	1039716007;1082904187	South Africa: Agincourt
SRR31227402	1052034456;1102035304	South Africa: Agincourt
SRR31227403	1085951608;1125670223	South Africa: Agincourt
SRR31227405	1083257718;1111538983	South Africa: Agincourt
SRR31227411	1003518625;1052809427	South Africa: Agincourt
SRR31227419	1129144424;1198825657	South Africa: Agincourt
SRR31227423	1177247452;1210524341	South Africa: Agincourt
SRR31227424	1176418072;1237311223	South Africa: Agincourt
SRR31227427	1160770640;1199636908	South Africa: Agincourt
SRR31227429	1089161442;1156901367	South Africa: Agincourt
SRR31227430	1089920131;1122928860	South Africa: Agincourt
SRR31227438	1047121809;1080473828	South Africa: Agincourt
SRR31227440	1515736803;1580312412	South Africa: Agincourt
SRR31227441	1162772473;1213551219	South Africa: Agincourt
SRR31227444	1194808999;1251790760	South Africa: Agincourt
SRR31227446	1061528814;1123600170	South Africa: Agincourt
SRR31227448	1196847597;1235186537	South Africa: Agincourt
SRR31227449	1099662407;1134376656	South Africa: Agincourt
SRR31227451	1070609359;1117746666	South Africa: Agincourt
SRR31227454	1156559594;1206551111	South Africa: Agincourt
SRR31227457	1273012803;1320199101	South Africa: Agincourt
SRR31227461	1074214162;1109456145	South Africa: Agincourt
SRR31227463	676296569;697142871	South Africa: Agincourt
SRR31227473	1116272786;1180141116	South Africa: Agincourt
SRR31227474	962276115;1018910517	South Africa: Agincourt
SRR31227475	1161666530;1199403663	South Africa: Agincourt
SRR31227486	1176780435;1265585002	South Africa: Agincourt
SRR31227488	1082084632;1128054913	South Africa: Agincourt
SRR31227489	1064732381;1114105961	South Africa: Agincourt
SRR31227492	1184783590;1244234759	South Africa: Agincourt
SRR31227493	1355405786;1410414760	South Africa: Agincourt
SRR31227494	1180304445;1209375277	South Africa: Agincourt
SRR31227498	1259875178;1299400548	South Africa: Agincourt
SRR31227499	1239157291;1270636410	South Africa: Agincourt
SRR31227501	1001086930;1038630503	South Africa: Agincourt
SRR31227502	1021472004;1063205956	South Africa: Agincourt
SRR31227504	1102267368;1171881138	South Africa: Agincourt
SRR31227505	958654261;989333439	South Africa: Agincourt
SRR31227509	1154739799;1212073652	South Africa: Agincourt
SRR31227515	1149447301;1213636006	South Africa: Agincourt
SRR31227516	1100357123;1155957331	South Africa: Agincourt
SRR31227517	1029436091;1078179519	South Africa: Agincourt
SRR31227519	1000025586;1046685675	South Africa: Agincourt
SRR31227520	1216079683;1248284357	South Africa: Agincourt
SRR31227521	973470670;1021402224	South Africa: Agincourt
SRR31227525	1182657595;1242253237	South Africa: Agincourt
SRR31227527	1206185297;1232425982	South Africa: Agincourt
SRR31227528	1080612439;1149616483	South Africa: Agincourt
SRR31227537	1178881045;1250667086	South Africa: Agincourt
SRR31227542	1223982355;1274334643	South Africa: Agincourt
SRR31227546	1273377171;1328870199	South Africa: Agincourt
SRR31227555	1259373658;1299621225	South Africa: Agincourt
SRR31227557	1148702131;1157951620	South Africa: Agincourt
SRR31227563	1158434144;1202849559	South Africa: Agincourt
SRR31227564	1094216958;1151070862	South Africa: Agincourt
SRR31227566	1037716549;1081991051	South Africa: Agincourt
SRR31227567	1056388036;1094234755	South Africa: Agincourt
SRR31227569	1264254459;1304681114	South Africa: Agincourt
SRR31227591	1022790394;1077918277	South Africa: Agincourt
SRR31227592	1234580399;1285180435	South Africa: Agincourt
SRR31227594	1131893761;1182896087	South Africa: Agincourt
SRR31227595	1095601564;1126724432	South Africa: Agincourt
SRR31227599	1256419800;1294619394	South Africa: Agincourt
SRR31227600	1029169927;1097878034	South Africa: Agincourt
SRR31227602	1085574265;1190919579	South Africa: Agincourt
SRR31227604	1214192789;1269504975	South Africa: Agincourt
SRR31227608	1324952042;1374166528	South Africa: Agincourt
SRR31227614	1229836311;1297507113	South Africa: Agincourt
SRR31227615	1235180865;1282563568	South Africa: Agincourt
SRR31227618	1143045255;1205389318	South Africa: Agincourt
SRR31227624	1034173879;1090873099	South Africa: Agincourt
SRR31227627	1062675245;1091688531	South Africa: Agincourt
SRR31227628	1099960464;1139031613	South Africa: Agincourt
SRR31227629	1051713401;1094481409	South Africa: Agincourt
SRR31227631	997760696;1083252748	South Africa: Agincourt
SRR31227634	1238959224;1293887611	South Africa: Agincourt
SRR31227637	1064522717;1106981661	South Africa: Agincourt
SRR31227638	1167751991;1230810725	South Africa: Agincourt
SRR31227639	1266334672;1322345953	South Africa: Agincourt
SRR31227640	1035209610;1081707613	South Africa: Agincourt
SRR31227643	1040004026;1079973997	South Africa: Agincourt
SRR31227645	1189750413;1245137183	South Africa: Agincourt
SRR31227646	1227309308;1319723028	South Africa: Agincourt
SRR31227649	1078097216;1108763894	South Africa: Agincourt
SRR31227654	1154090909;1194320955	South Africa: Agincourt
SRR31227656	1158196224;1188468748	South Africa: Agincourt
SRR31227657	1278596962;1313790529	South Africa: Agincourt
SRR31227661	1072793700;1109777966	South Africa: Agincourt
SRR31227662	1170177514;1200422849	South Africa: Agincourt
SRR31227665	1141161385;1197580936	South Africa: Agincourt
SRR31227667	1346910051;1391655147	South Africa: Agincourt
SRR31227669	1135596388;1205276803	South Africa: Agincourt
SRR31227675	1040030871;1082317032	South Africa: Agincourt
SRR31227677	1079174267;1116772746	South Africa: Agincourt
SRR31227679	1164265634;1211741035	South Africa: Agincourt
SRR31227687	1185286844;1223293645	South Africa: Agincourt
SRR31227690	871203643;899531748	South Africa: Agincourt
SRR31227706	1235717458;1286301662	South Africa: Agincourt
SRR31227712	1023782640;1053268743	South Africa: Agincourt
SRR31227716	1098427893;1137140098	South Africa: Agincourt
SRR31227718	963564736;1003650222	South Africa: Agincourt
SRR31227719	1030262391;1074741261	South Africa: Agincourt
SRR31227727	1097255571;1119081411	South Africa: Agincourt
SRR31227728	1260331608;1326273321	South Africa: Agincourt
SRR31227729	1109328142;1132717424	South Africa: Agincourt
SRR31227734	1127854842;1179218926	South Africa: Agincourt
SRR31227735	1340795069;1404984936	South Africa: Agincourt
SRR31227738	1250684522;1307810165	South Africa: Agincourt
SRR31227746	969666542;1010956237	South Africa: Agincourt
SRR31227750	2002374973;2034009706	South Africa: Agincourt
SRR31227755	1077644245;1117304284	South Africa: Agincourt
SRR31227763	956082034;991591882	South Africa: Agincourt
SRR31227768	1166320293;1197779880	South Africa: Agincourt
SRR31227769	1047777388;1068216538	South Africa: Agincourt
SRR31227775	1082502893;1102661635	South Africa: Agincourt
SRR31227782	1103206103;1159306265	South Africa: Agincourt
SRR31227785	1118008538;1125385990	South Africa: Agincourt
SRR31227933	1273702730;1323724725	Burkina Faso: Nanoro
SRR31227942	1021902313;1043707701	Burkina Faso: Nanoro
SRR31227943	1019420334;1054705696	Burkina Faso: Nanoro
SRR31227944	1103322107;1138459544	Burkina Faso: Nanoro
SRR31227945	1912182400;1992228210	Burkina Faso: Nanoro
SRR31227947	1021843683;1046184326	Burkina Faso: Nanoro
SRR31227951	1177233196;1219948018	Burkina Faso: Nanoro
SRR31227955	1225388311;1284386217	Burkina Faso: Nanoro
SRR31227959	1176760859;1267175219	Burkina Faso: Nanoro
SRR31227962	1254076717;1296857443	Burkina Faso: Nanoro
SRR31227965	1150309941;1188218737	Burkina Faso: Nanoro
SRR31227966	1300133750;1365180215	Burkina Faso: Nanoro
SRR31227967	1166158737;1190963854	Burkina Faso: Nanoro
SRR31227976	1000403772;1047816512	Burkina Faso: Nanoro
SRR31227978	1293517028;1341197588	Burkina Faso: Nanoro
SRR31227979	1083275851;1135379854	Burkina Faso: Nanoro
SRR31227980	1057115281;1115280764	Burkina Faso: Nanoro
SRR31227983	1251999666;1306523076	Burkina Faso: Nanoro
SRR31227985	1162869208;1239247775	Burkina Faso: Nanoro
SRR31227987	1299100707;1346999593	Burkina Faso: Nanoro
SRR31227988	1169437587;1209061672	Burkina Faso: Nanoro
SRR31227990	1101511398;1121876473	Burkina Faso: Nanoro
SRR31227991	1207310818;1264523873	Burkina Faso: Nanoro
SRR31227993	1247102235;1313546278	Burkina Faso: Nanoro
SRR31227997	1196394927;1229125204	Burkina Faso: Nanoro
SRR31227998	1199726123;1253636204	Burkina Faso: Nanoro
SRR31228000	1117929250;1143903477	Burkina Faso: Nanoro
SRR31228001	1194351640;1238546277	Burkina Faso: Nanoro
SRR31228003	1198699807;1243654644	Burkina Faso: Nanoro
SRR31228004	1272116571;1291688106	Burkina Faso: Nanoro
SRR31228005	1021866308;1067385481	Burkina Faso: Nanoro
SRR31228009	1235686930;1283912416	Burkina Faso: Nanoro
SRR31228010	978169430;1030054667	Burkina Faso: Nanoro
SRR31228013	1209144956;1274874765	Burkina Faso: Nanoro
SRR31228015	1296248345;1350332673	Burkina Faso: Nanoro
SRR31228016	1201115333;1247652777	Burkina Faso: Nanoro
SRR31228017	1232349584;1263818571	Burkina Faso: Nanoro
SRR31228019	1272648208;1331773270	Burkina Faso: Nanoro
SRR31228020	1215732562;1281919342	Burkina Faso: Nanoro
SRR31228022	988886223;1041160680	Burkina Faso: Nanoro
SRR31228024	1252982515;1288752325	Burkina Faso: Nanoro
SRR31228027	1168827440;1221091473	Burkina Faso: Nanoro
SRR31228030	1073612861;1115763497	Burkina Faso: Nanoro
SRR31228033	1074884786;1125639786	Burkina Faso: Nanoro
SRR31228036	1651686919;1699840956	Burkina Faso: Nanoro
SRR31228039	1105133679;1135576149	Burkina Faso: Nanoro
SRR31228041	988130819;1045885360	Burkina Faso: Nanoro
SRR31228043	1037870537;1060809280	Burkina Faso: Nanoro
SRR31228044	1056781540;1097937839	Burkina Faso: Nanoro
SRR31228047	1118333577;1166970146	Burkina Faso: Nanoro
SRR31228052	1199789692;1244084911	Burkina Faso: Nanoro
SRR31228061	1009374848;1057323121	Burkina Faso: Nanoro
SRR31228062	1126674896;1155895016	Burkina Faso: Nanoro
SRR31228063	1018977701;1076490064	Burkina Faso: Nanoro
SRR31228065	1296111758;1362035423	Burkina Faso: Nanoro
SRR31228066	1037854111;1097360912	Burkina Faso: Nanoro
SRR31228071	1188622479;1230628142	Burkina Faso: Nanoro
SRR31228073	1155777138;1230073996	Burkina Faso: Nanoro
SRR31228075	1108034433;1168429209	Burkina Faso: Nanoro
SRR31228076	1242599349;1316375766	Burkina Faso: Nanoro
SRR31228078	1222527980;1290761967	Burkina Faso: Nanoro
SRR31228080	1212118909;1264748674	Burkina Faso: Nanoro
SRR31228088	1054653903;1108339124	Burkina Faso: Nanoro
SRR31228089	1045622631;1108030471	Burkina Faso: Nanoro
SRR31228097	1047233712;1082399363	Burkina Faso: Nanoro
SRR31228100	1169348075;1202659820	Burkina Faso: Nanoro
SRR31228102	1119862291;1163915313	Burkina Faso: Nanoro
SRR31228103	1083022145;1129922548	Burkina Faso: Nanoro
SRR31228104	1161969093;1208147214	Burkina Faso: Nanoro
SRR31228110	1191385255;1241780921	Burkina Faso: Nanoro
SRR31228113	1170879912;1204094367	Burkina Faso: Nanoro
SRR31228114	1050147346;1064150345	Burkina Faso: Nanoro
SRR31228117	1017187757;1118684690	Burkina Faso: Nanoro
SRR31228120	1337922567;1401246113	Burkina Faso: Nanoro
SRR31228122	1568813904;1654091486	Burkina Faso: Nanoro
SRR31228128	1092728552;1142501705	Burkina Faso: Nanoro
SRR31228131	1196110233;1270717304	Burkina Faso: Nanoro
SRR31228133	1264902714;1327058882	Burkina Faso: Nanoro
SRR31228139	1182464707;1248354072	Burkina Faso: Nanoro
SRR31228140	1535884666;1607581059	Burkina Faso: Nanoro
SRR31228141	1084190634;1135311605	Burkina Faso: Nanoro
SRR31228144	1093438556;1118821557	Burkina Faso: Nanoro
SRR31228154	1232193842;1286925813	Burkina Faso: Nanoro
SRR31228155	1197947443;1252497707	Burkina Faso: Nanoro
SRR31228157	1218220623;1261985226	Burkina Faso: Nanoro
SRR31228161	1025748183;1050353467	Burkina Faso: Nanoro
SRR31228162	1091072204;1121745454	Burkina Faso: Nanoro
SRR31228163	1102824288;1142977679	Burkina Faso: Nanoro
SRR31228164	1249202540;1286213964	Burkina Faso: Nanoro
SRR31228166	1082736501;1115515739	Burkina Faso: Nanoro
SRR31228167	1073157904;1113545925	Burkina Faso: Nanoro
SRR31228174	1116977957;1182339477	Burkina Faso: Nanoro
SRR31228175	1093964737;1135117850	Burkina Faso: Nanoro
SRR31228176	1123626252;1167341548	Burkina Faso: Nanoro
SRR31228179	1067588078;1103341845	Burkina Faso: Nanoro
SRR31228180	1186662847;1232670166	Burkina Faso: Nanoro
SRR31228182	1127826963;1174299812	Burkina Faso: Nanoro
SRR31228183	1061523319;1088671954	Burkina Faso: Nanoro
SRR31228190	1176644994;1243992698	Burkina Faso: Nanoro
SRR31228193	327118350;338776270	Burkina Faso: Nanoro
SRR31228194	1107763573;1157419969	Burkina Faso: Nanoro
SRR31228197	750655799;786945562	Burkina Faso: Nanoro
SRR31228202	1068069003;1138304033	Burkina Faso: Nanoro
SRR31228207	1140205289;1227729999	Burkina Faso: Nanoro
SRR31228209	1326809132;1401457785	Burkina Faso: Nanoro
SRR31228213	1020264038;1073549635	Burkina Faso: Nanoro
SRR31228214	1003893835;1054647003	Burkina Faso: Nanoro
SRR31228216	1196892225;1267562795	Burkina Faso: Nanoro
SRR31228217	1281450966;1318012935	Burkina Faso: Nanoro
SRR31228222	1274397146;1356871215	Burkina Faso: Nanoro
SRR31228226	1209741904;1279560424	Burkina Faso: Nanoro
SRR31228229	1205089606;1245846031	Burkina Faso: Nanoro
SRR31228233	1305621295;1343405429	Burkina Faso: Nanoro
SRR31228234	1154537233;1212345073	Burkina Faso: Nanoro
SRR31228235	1011896275;1064768497	Burkina Faso: Nanoro
SRR31228242	1134058246;1180975015	Burkina Faso: Nanoro
SRR31228246	1035805803;1058640283	Burkina Faso: Nanoro
SRR31228247	1293051513;1323398384	Burkina Faso: Nanoro
SRR31228251	1111215295;1174401447	Burkina Faso: Nanoro
SRR31228253	1073931171;1107205830	Burkina Faso: Nanoro
SRR31228255	1064208675;1096696081	Burkina Faso: Nanoro
SRR31228258	1249834610;1301645587	Burkina Faso: Nanoro
SRR31228259	918541868;933455834	Burkina Faso: Nanoro
SRR31228260	1046282791;1078174773	Burkina Faso: Nanoro
SRR31228262	1136340325;1162941647	Burkina Faso: Nanoro
SRR31228263	1248602809;1286868116	Burkina Faso: Nanoro
SRR31228264	1158322311;1237163367	Burkina Faso: Nanoro
SRR31228266	1095801040;1113932387	Burkina Faso: Nanoro
SRR31228267	1041152469;1104351584	Burkina Faso: Nanoro
SRR31228268	1206592653;1265852299	Burkina Faso: Nanoro
SRR31228269	1200192300;1226724386	Burkina Faso: Nanoro
SRR31228272	1068131651;1128962481	Burkina Faso: Nanoro
SRR31228277	1114911445;1124029630	Burkina Faso: Nanoro
SRR31228279	1037441543;1073510428	Burkina Faso: Nanoro
SRR31228280	1065967824;1108541731	Burkina Faso: Nanoro
SRR31228281	1123099299;1166536420	Burkina Faso: Nanoro
SRR31228289	1221737242;1259882140	Burkina Faso: Nanoro
SRR31228292	1086141929;1140314471	Burkina Faso: Nanoro
SRR31228300	1308560748;1356846058	Burkina Faso: Nanoro
SRR31228301	1230398532;1287293685	Burkina Faso: Nanoro
SRR31228307	1131933528;1166992470	Burkina Faso: Nanoro
SRR31239409	1217243675;1297900996	Ghana: Navrongo
SRR31239415	1241038662;1310798146	Ghana: Navrongo
SRR31239424	1183123125;1211904574	Ghana: Navrongo
SRR31239425	1111777449;1159712986	Ghana: Navrongo
SRR31239426	1139741365;1191891246	Ghana: Navrongo
SRR31239428	1108073721;1155719788	Ghana: Navrongo
SRR31239436	1068728445;1094569051	Ghana: Navrongo
SRR31239443	1095862350;1134725363	Ghana: Navrongo
SRR31239444	1061778453;1126983489	Ghana: Navrongo
SRR31239450	1200558160;1256240604	Ghana: Navrongo
SRR31239457	1325443850;1401409617	Ghana: Navrongo
SRR31239459	1124128557;1148945203	Ghana: Navrongo
SRR31239461	1110375580;1146083397	Ghana: Navrongo
SRR31239462	1204028196;1236094710	Ghana: Navrongo
SRR31239463	1155632330;1204971722	Ghana: Navrongo
SRR31239465	1218985608;1291584870	Ghana: Navrongo
SRR31239466	1237001433;1293478362	Ghana: Navrongo
SRR31239469	1037800150;1092605407	Ghana: Navrongo
SRR31239478	1143173749;1175970432	Ghana: Navrongo
SRR31239480	1096390229;1128007300	Ghana: Navrongo
SRR31239485	1145899646;1175242986	Ghana: Navrongo
SRR31239488	1052186901;1095485452	Ghana: Navrongo
SRR31239492	1070174573;1111174512	Ghana: Navrongo
SRR31239494	1212420624;1246479126	Ghana: Navrongo
SRR31239502	1032444854;1080506097	Ghana: Navrongo
SRR31239503	1088789993;1152289807	Ghana: Navrongo
SRR31239504	1282058806;1349257227	Ghana: Navrongo
SRR31239505	1066324279;1110018204	Ghana: Navrongo
SRR31239507	1085053384;1132459069	Ghana: Navrongo
SRR31239509	1042500879;1079915882	Ghana: Navrongo
SRR31239518	1157937934;1185225815	Ghana: Navrongo
SRR31239519	1738584401;1799214097	Ghana: Navrongo
SRR31239520	1179121310;1213516312	Ghana: Navrongo
SRR31239521	1091453936;1135766255	Ghana: Navrongo
SRR31239522	1029485938;1086427192	Ghana: Navrongo
SRR31239525	1165651625;1215782625	Ghana: Navrongo
SRR31239533	1115326930;1181014735	Ghana: Navrongo
SRR31239534	1049998558;1109086572	Ghana: Navrongo
SRR31239540	1133279051;1177756759	Ghana: Navrongo
SRR31239542	1056980501;1113063408	Ghana: Navrongo
SRR31239543	1052758261;1119832818	Ghana: Navrongo
SRR31239544	1051423239;1123219569	Ghana: Navrongo
SRR31239550	1253674726;1319127343	Ghana: Navrongo
SRR31239551	1291938886;1371797313	Ghana: Navrongo
SRR31239556	1116725885;1144500729	Ghana: Navrongo
SRR31239563	1060502614;1114276815	Ghana: Navrongo
SRR31239564	1306506263;1380399511	Ghana: Navrongo
SRR31239566	1098741826;1138680892	Ghana: Navrongo
SRR31239567	1157377248;1221990925	Ghana: Navrongo
SRR31239571	1174064823;1219538012	Ghana: Navrongo
SRR31239572	1031590861;1074940452	Ghana: Navrongo
SRR31239573	1176138491;1212677509	Ghana: Navrongo
SRR31239574	1199931543;1282501947	Ghana: Navrongo
SRR31239579	1048786222;1101018554	Ghana: Navrongo
SRR31239581	1162945190;1225013077	Ghana: Navrongo
SRR31239583	1074092459;1123302621	Ghana: Navrongo
SRR31239585	1079051471;1120801202	Ghana: Navrongo
SRR31239586	1180634438;1232187489	Ghana: Navrongo
SRR31239587	1160459241;1214631722	Ghana: Navrongo
SRR31239589	1165253336;1208223154	Ghana: Navrongo
SRR31239591	1179561168;1219558649	Ghana: Navrongo
SRR31239594	1104491277;1174575896	Ghana: Navrongo
SRR31239598	1200011191;1255388609	Ghana: Navrongo
SRR31239600	1156180895;1211426082	Ghana: Navrongo
SRR31239610	1087851204;1135240898	Ghana: Navrongo
SRR31239611	1274433067;1326930383	Ghana: Navrongo
SRR31239612	1074691621;1131203616	Ghana: Navrongo
SRR31239616	1222958340;1314492214	Ghana: Navrongo
SRR31239617	1206953821;1270016205	Ghana: Navrongo
SRR31239621	1058369320;1098537571	Ghana: Navrongo
SRR31239623	1195601772;1257139730	Ghana: Navrongo
SRR31239624	1252487932;1328619652	Ghana: Navrongo
SRR31239627	1112767019;1170904069	Ghana: Navrongo
SRR31239635	1075596393;1135920901	Ghana: Navrongo
SRR31239637	1158179516;1219847820	Ghana: Navrongo
SRR31239640	1308041697;1402667290	Ghana: Navrongo
SRR31239643	1167544818;1219291786	Ghana: Navrongo
SRR31239928	1253794119;1345987483	South Africa: DIMAMO
SRR31239929	1184635409;1263763977	South Africa: DIMAMO
SRR31239931	1290220210;1343253498	South Africa: DIMAMO
SRR31239940	1185963212;1227530909	South Africa: DIMAMO
SRR31239950	1067061441;1110312800	South Africa: DIMAMO
SRR31239951	991898064;1051838119	South Africa: DIMAMO
SRR31239962	1098304318;1163343486	South Africa: DIMAMO
SRR31239963	1080597323;1151087642	South Africa: DIMAMO
SRR31239969	1045172738;1077084709	South Africa: DIMAMO
SRR31239970	1097168087;1151823953	South Africa: DIMAMO
SRR31239973	863315776;903091814	South Africa: DIMAMO
SRR31239976	1050213923;1101949833	South Africa: DIMAMO
SRR31239980	1116166358;1160733545	South Africa: DIMAMO
SRR31239982	1164681384;1209912972	South Africa: DIMAMO
SRR31239984	1064322824;1100740194	South Africa: DIMAMO
SRR31239987	1154645165;1218644833	South Africa: DIMAMO
SRR31239988	1225704573;1281092428	South Africa: DIMAMO
SRR31239990	995976200;1000399517	South Africa: DIMAMO
SRR31239992	1171343001;1236030550	South Africa: DIMAMO
SRR31239993	1058362760;1096326937	South Africa: DIMAMO
SRR31239994	1433172576;1477744759	South Africa: DIMAMO
SRR31239996	1186949613;1256081151	South Africa: DIMAMO
SRR31240006	1242422680;1314442953	South Africa: DIMAMO
SRR31240008	1038469973;1073297458	South Africa: DIMAMO
SRR31240019	1176729078;1223741315	South Africa: DIMAMO
SRR31240020	1217526467;1277339748	South Africa: DIMAMO
SRR31240023	1273728765;1325465947	South Africa: DIMAMO
SRR31240024	1053751276;1090934416	South Africa: DIMAMO
SRR31240026	1283411430;1394231461	South Africa: DIMAMO
SRR31240027	1196758103;1256230812	South Africa: DIMAMO
SRR31240029	1310914758;1372175251	South Africa: DIMAMO
SRR31240033	1051319075;1093930489	South Africa: DIMAMO
SRR31240034	1154811086;1184098238	South Africa: DIMAMO
SRR31240035	1027878151;1089671299	South Africa: DIMAMO
SRR31240045	1040711584;1089652568	South Africa: DIMAMO
SRR31240046	1149100618;1179014069	South Africa: DIMAMO
SRR31240051	1077871753;1124345264	South Africa: DIMAMO
SRR31240052	1165101421;1230608605	South Africa: DIMAMO
SRR31240053	1109169342;1167506882	South Africa: DIMAMO
SRR31240055	1190948414;1263031415	South Africa: DIMAMO
SRR31240064	1043570742;1069729373	South Africa: DIMAMO
SRR31240066	1162940690;1193470961	South Africa: DIMAMO
SRR31240068	1040303036;1079181091	South Africa: DIMAMO
SRR31240080	1307337824;1384943541	South Africa: DIMAMO
SRR31240081	1184846432;1244828879	South Africa: DIMAMO
SRR31240083	1092767204;1132789651	South Africa: DIMAMO
SRR31240089	1018139567;1058233418	South Africa: DIMAMO
SRR31240090	1073215014;1114923452	South Africa: DIMAMO
SRR31240092	1241350035;1283681026	South Africa: DIMAMO
SRR31240096	1309169315;1383353033	South Africa: DIMAMO
SRR31240097	1263367829;1366774583	South Africa: DIMAMO
SRR31240103	1019005070;1073485921	South Africa: DIMAMO
SRR31240105	1267749306;1304766333	South Africa: DIMAMO
SRR31240108	1164045542;1222300455	South Africa: DIMAMO
SRR31240111	1159867474;1220222484	South Africa: DIMAMO
SRR31240116	1239175420;1312158566	South Africa: DIMAMO
SRR31240118	1257435148;1292662095	South Africa: DIMAMO
SRR31240121	1232291123;1265719601	South Africa: DIMAMO
SRR31240124	1113088228;1169932084	South Africa: DIMAMO
SRR31240125	1028671863;1060591615	South Africa: DIMAMO
SRR31240126	922354298;956106894	South Africa: DIMAMO
SRR31242452	984517418;1019415248	South Africa: Soweto
SRR31242458	1133530228;1192776153	South Africa: Soweto
SRR31242459	1083315601;1112456373	South Africa: Soweto
SRR31242465	1141544121;1164295334	South Africa: Soweto
SRR31242470	1130658014;1176726557	South Africa: Soweto
SRR31242471	1189631281;1252323594	South Africa: Soweto
SRR31242472	1146232971;1215179445	South Africa: Soweto
SRR31242476	1128428278;1182335522	South Africa: Soweto
SRR31242477	1125192967;1169639904	South Africa: Soweto
SRR31242478	1098061980;1141577377	South Africa: Soweto
SRR31242483	1198255393;1271873391	South Africa: Soweto
SRR31242485	1286525670;1324101244	South Africa: Soweto
SRR31242488	1300934390;1326126537	South Africa: Soweto
SRR31242496	1088926978;1131019660	South Africa: Soweto
SRR31242498	1091468946;1146825359	South Africa: Soweto
SRR31242501	1238483287;1277082528	South Africa: Soweto
SRR31242502	1572322397;1654522884	South Africa: Soweto
SRR31242504	1113929285;1162159916	South Africa: Soweto
SRR31242505	1226043987;1335113171	South Africa: Soweto
SRR31242507	1218005110;1258249709	South Africa: Soweto
SRR31242508	1246022170;1318461986	South Africa: Soweto
SRR31242510	1112332740;1156441935	South Africa: Soweto
SRR31242511	1087636592;1141294132	South Africa: Soweto
SRR31242512	1677237003;1784016322	South Africa: Soweto
SRR31242521	1197208987;1255095385	South Africa: Soweto
SRR31242522	1177921977;1216921673	South Africa: Soweto
SRR31242524	1298657762;1360495930	South Africa: Soweto
SRR31242527	1171047461;1234910277	South Africa: Soweto
SRR31242528	1173570833;1222476208	South Africa: Soweto
SRR31242531	1523667576;1563290668	South Africa: Soweto
SRR31242532	1210187559;1308768860	South Africa: Soweto
SRR31242537	1889730915;1961567112	South Africa: Soweto
SRR31242539	1279355069;1335674393	South Africa: Soweto
SRR31242544	1204072462;1244669371	South Africa: Soweto
SRR31242546	1062356912;1111388493	South Africa: Soweto
SRR31242550	1068471805;1124256013	South Africa: Soweto
SRR31242551	1179672337;1238861582	South Africa: Soweto
SRR31242552	1081816372;1117402082	South Africa: Soweto
SRR31242554	1115092891;1162858961	South Africa: Soweto
SRR31242557	1227280310;1287100388	South Africa: Soweto
SRR31242559	1260801681;1310061782	South Africa: Soweto
SRR31242561	1097758686;1171746357	South Africa: Soweto
SRR31242562	1421351867;1493551808	South Africa: Soweto
SRR31242568	1310486738;1375471950	South Africa: Soweto
SRR31242569	1176928348;1210701195	South Africa: Soweto
SRR31242571	1161535182;1205162829	South Africa: Soweto
SRR31242574	1056900009;1122878850	South Africa: Soweto
SRR31242575	1219223867;1255266377	South Africa: Soweto
SRR31242577	1334543174;1411670285	South Africa: Soweto
SRR31242586	1138024615;1180599468	South Africa: Soweto
SRR31242588	1199563261;1236214111	South Africa: Soweto
SRR31242589	1086239080;1142323110	South Africa: Soweto
SRR31242597	1161114408;1190427404	South Africa: Soweto
SRR31242598	1181492724;1274291290	South Africa: Soweto
SRR31242600	1235654694;1293541831	South Africa: Soweto
SRR31242607	1131185170;1190106184	South Africa: Soweto
SRR31242608	1113231994;1176378764	South Africa: Soweto
SRR31242615	1128775111;1156082344	South Africa: Soweto
SRR31242617	1081216142;1153276751	South Africa: Soweto
SRR31242619	1166366683;1245094704	South Africa: Soweto
SRR31242620	1080012723;1120232664	South Africa: Soweto
SRR31242622	1099650850;1132609114	South Africa: Soweto
SRR31242624	1242887598;1313373064	South Africa: Soweto
SRR31242625	1103011265;1159151221	South Africa: Soweto
SRR31242626	1006228500;1072792215	South Africa: Soweto
SRR31242628	1334215082;1417654356	South Africa: Soweto
SRR31242629	1043540828;1110947119	South Africa: Soweto
SRR31242632	1159259700;1206790830	South Africa: Soweto
SRR31242633	1143179569;1169169162	South Africa: Soweto
SRR31242634	1010437843;1051005917	South Africa: Soweto
SRR31242637	1220080063;1275801443	South Africa: Soweto
SRR31242640	1206678563;1270661650	South Africa: Soweto
SRR31242642	1110113668;1132274966	South Africa: Soweto
SRR31242645	998602246;1047581822	South Africa: Soweto
SRR31242647	1121573936;1160766816	South Africa: Soweto
SRR31242648	1046234579;1090822887	South Africa: Soweto
SRR31242649	1439319045;1519044733	South Africa: Soweto
SRR31242653	1224120312;1304260124	South Africa: Soweto
SRR31242655	1177233163;1227292937	South Africa: Soweto
SRR31242662	1167682747;1217656721	South Africa: Soweto
SRR31242666	1092141135;1169351654	South Africa: Soweto
SRR31242667	1200472848;1277814711	South Africa: Soweto
SRR31242669	908402204;937079974	South Africa: Soweto
SRR31242670	1220988476;1288093167	South Africa: Soweto
SRR31242673	1185492217;1236006518	South Africa: Soweto
SRR31242674	1123173844;1142687934	South Africa: Soweto
SRR31242676	930131486;970089931	South Africa: Soweto
SRR31242677	1122152822;1194113954	South Africa: Soweto
SRR31242683	1173385312;1203589717	Kenya: Nairobi
SRR31242690	990186692;1030602178	Kenya: Nairobi
SRR31242692	1081852123;1112036769	Kenya: Nairobi
SRR31242699	1082996065;1124311183	Kenya: Nairobi
SRR31242702	1158819041;1203603406	Kenya: Nairobi
SRR31242705	1216148423;1261917681	Kenya: Nairobi
SRR31242706	942360915;996195273	Kenya: Nairobi
SRR31242708	1140283860;1198254405	Kenya: Nairobi
SRR31242709	1175327822;1241938799	Kenya: Nairobi
SRR31242711	1230911568;1270568991	Kenya: Nairobi
SRR31242712	1137896536;1178157348	Kenya: Nairobi
SRR31242715	1239015490;1300776140	Kenya: Nairobi
SRR31242718	1179567678;1216581027	Kenya: Nairobi
SRR31242720	1011339159;1036695398	Kenya: Nairobi
SRR31242721	1044385725;1079483356	Kenya: Nairobi
SRR31242726	1307982333;1330294614	Kenya: Nairobi
SRR31242728	988535151;1032497023	Kenya: Nairobi
SRR31242729	1154814511;1218318096	Kenya: Nairobi
SRR31242732	1260352571;1320338114	Kenya: Nairobi
SRR31242735	1143367172;1199079255	Kenya: Nairobi
SRR31242739	1152023737;1202158978	Kenya: Nairobi
SRR31242743	1204752873;1252662899	Kenya: Nairobi
SRR31242745	1176676505;1230087886	Kenya: Nairobi
SRR31242747	1320422467;1366533515	Kenya: Nairobi
SRR31242748	1213119677;1238913965	Kenya: Nairobi
SRR31242749	1012906337;1047364476	Kenya: Nairobi
SRR31242753	1179363325;1212464375	Kenya: Nairobi
SRR31242758	1053663547;1096122527	Kenya: Nairobi
SRR31242764	2318787533;2358680221	Kenya: Nairobi
SRR31242765	1047358566;1118085223	Kenya: Nairobi
SRR31242767	1013170310;1065088885	Kenya: Nairobi
SRR31242770	1086896075;1132507920	Kenya: Nairobi
SRR31242783	1278125916;1345902918	Kenya: Nairobi
SRR31242798	1271001500;1340239016	Kenya: Nairobi
SRR31242801	1311973109;1376908700	Kenya: Nairobi
SRR31242803	1064484926;1124288390	Kenya: Nairobi
SRR31242806	1124320144;1181030483	Kenya: Nairobi
SRR31242808	1054133737;1092470964	Kenya: Nairobi
SRR31242810	1126298679;1198371269	Kenya: Nairobi
SRR31242812	1162771735;1218268510	Kenya: Nairobi
SRR31242816	1264821827;1300819720	Kenya: Nairobi
SRR31242817	1275355085;1313707901	Kenya: Nairobi
SRR31242821	1102791987;1160036964	Kenya: Nairobi
SRR31242823	1356706524;1424339278	Kenya: Nairobi
SRR31242824	1252332993;1312312279	Kenya: Nairobi
SRR31242825	1191105540;1251659875	Kenya: Nairobi
SRR31242826	1168055579;1224526163	Kenya: Nairobi
SRR31242829	1042112805;1089117443	Kenya: Nairobi
SRR31242831	1105367695;1147457668	Kenya: Nairobi
SRR31242833	1025187669;1074884000	Kenya: Nairobi
SRR31242839	1159156377;1188901983	Kenya: Nairobi
SRR31242840	1334204798;1411402609	Kenya: Nairobi
SRR31242842	1276679079;1316866271	Kenya: Nairobi
SRR31242848	1116802589;1190465155	Kenya: Nairobi
SRR31242853	1208399106;1257312793	Kenya: Nairobi
SRR31242856	1102954043;1145340119	Kenya: Nairobi
SRR31242859	1212772390;1243573179	Kenya: Nairobi
SRR31242864	1288985119;1347412826	Kenya: Nairobi
SRR31242867	1219478243;1265643840	Kenya: Nairobi
SRR31242868	1028002816;1062673403	Kenya: Nairobi
SRR31242870	1123132077;1171765459	Kenya: Nairobi
SRR31242876	1257293219;1314160076	Kenya: Nairobi
SRR31242877	1210358288;1283823201	Kenya: Nairobi
SRR31242878	1178545224;1223238934	Kenya: Nairobi
SRR31242880	1083756856;1127287893	Kenya: Nairobi
SRR31242883	1152212080;1202565480	Kenya: Nairobi
SRR31242892	1031476446;1072270156	Kenya: Nairobi
SRR31242893	994373656;1039845538	Kenya: Nairobi
SRR31242894	1115878844;1160560076	Kenya: Nairobi
SRR31242899	1113709945;1147845370	Kenya: Nairobi
SRR31242901	926554311;973106675	Kenya: Nairobi
SRR31242905	1110854816;1150009395	Kenya: Nairobi
SRR31242916	1046958109;1092129918	Kenya: Nairobi
SRR31242918	1234441131;1277178415	Kenya: Nairobi
SRR31227256	1272232483;1325531800	South Africa: Agincourt
SRR31227257	1120377589;1170179728	South Africa: Agincourt
SRR31227261	1070548840;1100323341	South Africa: Agincourt
SRR31227262	1302938130;1352244179	South Africa: Agincourt
SRR31227263	1230928429;1274895372	South Africa: Agincourt
SRR31227267	1299329607;1364143477	South Africa: Agincourt
SRR31227270	1294448253;1375108088	South Africa: Agincourt
SRR31227272	1120649769;1154631656	South Africa: Agincourt
SRR31227275	1197428673;1241261742	South Africa: Agincourt
SRR31227277	805710631;882785137	South Africa: Agincourt
SRR31227280	1202212527;1281151105	South Africa: Agincourt
SRR31227281	1050306393;1101332643	South Africa: Agincourt
SRR31227284	1052690407;1088340024	South Africa: Agincourt
SRR31227287	1158005245;1176244518	South Africa: Agincourt
SRR31227291	1069492884;1125777220	South Africa: Agincourt
SRR31227296	1186328429;1219004111	South Africa: Agincourt
SRR31227300	1145689956;1224201870	South Africa: Agincourt
SRR31227302	1201474230;1274885649	South Africa: Agincourt
SRR31227305	1214305433;1243895024	South Africa: Agincourt
SRR31227307	1149909953;1255737867	South Africa: Agincourt
SRR31227311	2650693659;2722621197	South Africa: Agincourt
SRR31227314	1287208011;1353607792	South Africa: Agincourt
SRR31227315	1012051354;1050170991	South Africa: Agincourt
SRR31227320	1322660946;1376803404	South Africa: Agincourt
SRR31227322	1112445366;1160635531	South Africa: Agincourt
SRR31227323	1052506488;1088033570	South Africa: Agincourt
SRR31227327	1004978752;1044867542	South Africa: Agincourt
SRR31227331	1243610103;1292045861	South Africa: Agincourt
SRR31227336	1066784319;1094695513	South Africa: Agincourt
SRR31227342	1208855375;1292976274	South Africa: Agincourt
SRR31227343	1013926634;1063197247	South Africa: Agincourt
SRR31227344	949452274;992485684	South Africa: Agincourt
SRR31227345	1124154053;1177158443	South Africa: Agincourt
SRR31227348	1107995963;1169646239	South Africa: Agincourt
SRR31227349	1166814809;1198222067	South Africa: Agincourt
SRR31227352	1155689190;1213817698	South Africa: Agincourt
SRR31227353	1132170985;1192221774	South Africa: Agincourt
SRR31227354	1164861451;1210243524	South Africa: Agincourt
SRR31227357	1239194819;1278485922	South Africa: Agincourt
SRR31227360	1134018579;1174148847	South Africa: Agincourt
SRR31227363	1228296593;1288797889	South Africa: Agincourt
SRR31227367	1080182778;1130049576	South Africa: Agincourt
SRR31227370	897010601;932492461	South Africa: Agincourt
SRR31227378	1084791209;1138225284	South Africa: Agincourt
SRR31227383	1199742428;1266175986	South Africa: Agincourt
SRR31227384	1260090670;1317012222	South Africa: Agincourt
SRR31227390	1085197986;1140632484	South Africa: Agincourt
SRR31227398	1192665923;1243732439	South Africa: Agincourt
SRR31227400	1086866333;1131299025	South Africa: Agincourt
SRR31227401	1223371480;1265139754	South Africa: Agincourt
SRR31227407	1176163018;1213111133	South Africa: Agincourt
SRR31227408	1227444423;1284121934	South Africa: Agincourt
SRR31227412	1434798585;1471606676	South Africa: Agincourt
SRR31227414	1066318606;1112148515	South Africa: Agincourt
SRR31227415	1229169327;1283299129	South Africa: Agincourt
SRR31227416	1133795661;1167185465	South Africa: Agincourt
SRR31227417	1330039709;1405752711	South Africa: Agincourt
SRR31227420	1170543484;1208225857	South Africa: Agincourt
SRR31227422	1248867223;1282273207	South Africa: Agincourt
SRR31227432	1139011803;1217055102	South Africa: Agincourt
SRR31227437	1255625834;1349878502	South Africa: Agincourt
SRR31227443	1134719888;1168931802	South Africa: Agincourt
SRR31227445	1074633993;1130143460	South Africa: Agincourt
SRR31227450	1044134457;1069236055	South Africa: Agincourt
SRR31227453	1189625115;1227405843	South Africa: Agincourt
SRR31227462	1059201296;1096951647	South Africa: Agincourt
SRR31227467	1176203246;1238218349	South Africa: Agincourt
SRR31227469	1215567556;1258074766	South Africa: Agincourt
SRR31227470	994156781;1019778956	South Africa: Agincourt
SRR31227471	1069909292;1114483540	South Africa: Agincourt
SRR31227472	1099984799;1153659970	South Africa: Agincourt
SRR31227477	1136169249;1196980985	South Africa: Agincourt
SRR31227478	1151124325;1190940655	South Africa: Agincourt
SRR31227480	1030494311;1062673011	South Africa: Agincourt
SRR31227481	1112173117;1141682106	South Africa: Agincourt
SRR31227482	1023558468;1066778809	South Africa: Agincourt
SRR31227484	1155707879;1242179260	South Africa: Agincourt
SRR31227491	1483381291;1549447190	South Africa: Agincourt
SRR31227495	1060303188;1092657769	South Africa: Agincourt
SRR31227500	1208958751;1242836452	South Africa: Agincourt
SRR31227503	1024286707;1060850126	South Africa: Agincourt
SRR31227507	1088641610;1146750932	South Africa: Agincourt
SRR31227511	975765681;1024822011	South Africa: Agincourt
SRR31227514	1392727293;1475307583	South Africa: Agincourt
SRR31227522	1044870835;1083076848	South Africa: Agincourt
SRR31227524	1070066446;1120399996	South Africa: Agincourt
SRR31227530	1066941264;1081524684	South Africa: Agincourt
SRR31227531	1065672352;1122301488	South Africa: Agincourt
SRR31227532	1086127932;1114649129	South Africa: Agincourt
SRR31227533	1182216659;1209567989	South Africa: Agincourt
SRR31227535	1263012859;1294473786	South Africa: Agincourt
SRR31227536	1059803302;1120966033	South Africa: Agincourt
SRR31227538	1162946277;1223231440	South Africa: Agincourt
SRR31227539	1272911002;1335662387	South Africa: Agincourt
SRR31227540	1086791990;1113989187	South Africa: Agincourt
SRR31227541	1249586387;1332005911	South Africa: Agincourt
SRR31227543	1082734111;1115446636	South Africa: Agincourt
SRR31227545	1276887043;1332050234	South Africa: Agincourt
SRR31227548	979303977;1015086458	South Africa: Agincourt
SRR31227549	751122731;780612131	South Africa: Agincourt
SRR31227550	1087999064;1127294460	South Africa: Agincourt
SRR31227551	1216781409;1297883659	South Africa: Agincourt
SRR31227552	1286716935;1349051056	South Africa: Agincourt
SRR31227553	1132400189;1182567757	South Africa: Agincourt
SRR31227554	1281169910;1323724166	South Africa: Agincourt
SRR31227556	1110663353;1154206497	South Africa: Agincourt
SRR31227558	1034135761;1066401356	South Africa: Agincourt
SRR31227560	998719918;1034614574	South Africa: Agincourt
SRR31227561	1171293998;1233451729	South Africa: Agincourt
SRR31227570	1213579013;1268924768	South Africa: Agincourt
SRR31227574	1062335464;1090642814	South Africa: Agincourt
SRR31227575	1348770821;1382641681	South Africa: Agincourt
SRR31227578	1101332912;1119589164	South Africa: Agincourt
SRR31227580	1248593314;1312591978	South Africa: Agincourt
SRR31227582	991137776;1026168897	South Africa: Agincourt
SRR31227585	956827731;1021958216	South Africa: Agincourt
SRR31227586	1084396056;1148625357	South Africa: Agincourt
SRR31227589	1284191857;1360217530	South Africa: Agincourt
SRR31227590	1184387238;1217308118	South Africa: Agincourt
SRR31227598	1155038676;1190535496	South Africa: Agincourt
SRR31227601	1133431384;1194498729	South Africa: Agincourt
SRR31227606	1241466499;1288733433	South Africa: Agincourt
SRR31227609	1192138315;1256975464	South Africa: Agincourt
SRR31227611	1138658301;1190261833	South Africa: Agincourt
SRR31227612	1066137273;1101279057	South Africa: Agincourt
SRR31227613	1267325245;1340876967	South Africa: Agincourt
SRR31227616	1248604941;1329519298	South Africa: Agincourt
SRR31227621	1106831680;1146073096	South Africa: Agincourt
SRR31227625	1250525316;1290182918	South Africa: Agincourt
SRR31227630	1242927477;1298904517	South Africa: Agincourt
SRR31227633	1332811330;1379205858	South Africa: Agincourt
SRR31227641	1178661700;1199274891	South Africa: Agincourt
SRR31227644	1087030903;1130726233	South Africa: Agincourt
SRR31227652	1103110698;1152834072	South Africa: Agincourt
SRR31227653	1222971368;1287337411	South Africa: Agincourt
SRR31227660	963631704;1031910065	South Africa: Agincourt
SRR31227663	1109696165;1142147972	South Africa: Agincourt
SRR31227664	1143826678;1165575235	South Africa: Agincourt
SRR31227668	1204872606;1259758160	South Africa: Agincourt
SRR31227671	1159065448;1228704523	South Africa: Agincourt
SRR31227673	1198883332;1249486423	South Africa: Agincourt
SRR31227674	1200921894;1238535349	South Africa: Agincourt
SRR31227676	1009151505;1056213714	South Africa: Agincourt
SRR31227678	1197511222;1245553371	South Africa: Agincourt
SRR31227682	1069386095;1104749673	South Africa: Agincourt
SRR31227683	1158095183;1212385469	South Africa: Agincourt
SRR31227684	1106601782;1149767090	South Africa: Agincourt
SRR31227691	1165639320;1208069006	South Africa: Agincourt
SRR31227696	1403490800;1438817653	South Africa: Agincourt
SRR31227697	1198160797;1238162265	South Africa: Agincourt
SRR31227700	1041861408;1070110642	South Africa: Agincourt
SRR31227701	1139267244;1180045899	South Africa: Agincourt
SRR31227702	1247915405;1301665553	South Africa: Agincourt
SRR31227704	1180140838;1215329090	South Africa: Agincourt
SRR31227709	1072554988;1100807246	South Africa: Agincourt
SRR31227713	1164497342;1218442083	South Africa: Agincourt
SRR31227714	1157538288;1200828434	South Africa: Agincourt
SRR31227715	1210991657;1239838530	South Africa: Agincourt
SRR31227720	1003120033;1051969621	South Africa: Agincourt
SRR31227721	1159946318;1199471042	South Africa: Agincourt
SRR31227722	1086830511;1143571900	South Africa: Agincourt
SRR31227726	1310223219;1348182553	South Africa: Agincourt
SRR31227730	1118568632;1158370307	South Africa: Agincourt
SRR31227731	1296594379;1314028770	South Africa: Agincourt
SRR31227732	1288972590;1337143625	South Africa: Agincourt
SRR31227733	1119398511;1171884503	South Africa: Agincourt
SRR31227739	1088253382;1140979631	South Africa: Agincourt
SRR31227740	1235884335;1274975096	South Africa: Agincourt
SRR31227742	1193319872;1231559513	South Africa: Agincourt
SRR31227743	1200159289;1239286157	South Africa: Agincourt
SRR31227744	1009748510;1035300914	South Africa: Agincourt
SRR31227749	1246446655;1292195088	South Africa: Agincourt
SRR31227756	1045157439;1067915989	South Africa: Agincourt
SRR31227757	1108983689;1146514927	South Africa: Agincourt
SRR31227758	1119799304;1154810149	South Africa: Agincourt
SRR31227760	1118002903;1172583595	South Africa: Agincourt
SRR31227761	1094462226;1139961095	South Africa: Agincourt
SRR31227764	1139971942;1174913843	South Africa: Agincourt
SRR31227765	1078315631;1120455446	South Africa: Agincourt
SRR31227770	958071569;1019649216	South Africa: Agincourt
SRR31227772	1245587751;1340988578	South Africa: Agincourt
SRR31227773	1146331218;1197099316	South Africa: Agincourt
SRR31227774	1016993006;1057851370	South Africa: Agincourt
SRR31227778	1439953857;1483699049	South Africa: Agincourt
SRR31227932	1035533862;1072421666	Burkina Faso: Nanoro
SRR31227934	1226621715;1245758885	Burkina Faso: Nanoro
SRR31227935	1240966001;1287204229	Burkina Faso: Nanoro
SRR31227939	1018050002;1054993500	Burkina Faso: Nanoro
SRR31227940	1032667125;1081424256	Burkina Faso: Nanoro
SRR31227948	1111438441;1183607359	Burkina Faso: Nanoro
SRR31227950	1125874121;1174763347	Burkina Faso: Nanoro
SRR31227953	827058337;876292098	Burkina Faso: Nanoro
SRR31227956	1205553963;1251625803	Burkina Faso: Nanoro
SRR31227957	1189193472;1219097819	Burkina Faso: Nanoro
SRR31227958	1127709779;1172005695	Burkina Faso: Nanoro
SRR31227960	1094560853;1144558073	Burkina Faso: Nanoro
SRR31227963	1102864160;1146961204	Burkina Faso: Nanoro
SRR31227964	1195222730;1265297507	Burkina Faso: Nanoro
SRR31227969	1385527055;1443597942	Burkina Faso: Nanoro
SRR31227971	1090865053;1134265201	Burkina Faso: Nanoro
SRR31227972	1190926841;1261325423	Burkina Faso: Nanoro
SRR31227973	1178795443;1202219114	Burkina Faso: Nanoro
SRR31227981	1257440870;1311856690	Burkina Faso: Nanoro
SRR31227982	1058136881;1102662498	Burkina Faso: Nanoro
SRR31227984	1034104085;1084359323	Burkina Faso: Nanoro
SRR31227989	1321488014;1353125008	Burkina Faso: Nanoro
SRR31227992	1316451869;1418016436	Burkina Faso: Nanoro
SRR31227999	1141521189;1192268664	Burkina Faso: Nanoro
SRR31228007	1381199932;1426422149	Burkina Faso: Nanoro
SRR31228012	1199370534;1255889238	Burkina Faso: Nanoro
SRR31228014	1078553579;1151748696	Burkina Faso: Nanoro
SRR31228018	1149269278;1192611279	Burkina Faso: Nanoro
SRR31228026	1073061280;1118675316	Burkina Faso: Nanoro
SRR31228029	1061597408;1138707025	Burkina Faso: Nanoro
SRR31228032	1059225449;1088210463	Burkina Faso: Nanoro
SRR31228035	1610528608;1626844203	Burkina Faso: Nanoro
SRR31228037	1137964959;1198698158	Burkina Faso: Nanoro
SRR31228040	1102130467;1158307003	Burkina Faso: Nanoro
SRR31228046	1200521484;1257680888	Burkina Faso: Nanoro
SRR31228053	1211713894;1231007497	Burkina Faso: Nanoro
SRR31228054	1349019801;1414250062	Burkina Faso: Nanoro
SRR31228055	1352873027;1405972207	Burkina Faso: Nanoro
SRR31228058	1043207842;1071414883	Burkina Faso: Nanoro
SRR31228059	1056384155;1086240888	Burkina Faso: Nanoro
SRR31228069	1056601771;1089642529	Burkina Faso: Nanoro
SRR31228070	1149067913;1178362228	Burkina Faso: Nanoro
SRR31228074	1177558970;1257182324	Burkina Faso: Nanoro
SRR31228077	1094040414;1134266393	Burkina Faso: Nanoro
SRR31228081	1070453396;1091210376	Burkina Faso: Nanoro
SRR31228083	1068137065;1090958782	Burkina Faso: Nanoro
SRR31228087	1147098662;1210329303	Burkina Faso: Nanoro
SRR31228090	1228628229;1265242447	Burkina Faso: Nanoro
SRR31228092	1233900520;1294792557	Burkina Faso: Nanoro
SRR31228093	1135861473;1185660896	Burkina Faso: Nanoro
SRR31228094	1215536389;1255399610	Burkina Faso: Nanoro
SRR31228095	943240439;991610286	Burkina Faso: Nanoro
SRR31228096	1191341176;1241501817	Burkina Faso: Nanoro
SRR31228098	1215058360;1260150549	Burkina Faso: Nanoro
SRR31228099	1130945949;1177935047	Burkina Faso: Nanoro
SRR31228105	1090202363;1130478433	Burkina Faso: Nanoro
SRR31228107	1162919156;1256644072	Burkina Faso: Nanoro
SRR31228108	1098786649;1135575627	Burkina Faso: Nanoro
SRR31228111	1100215152;1146488174	Burkina Faso: Nanoro
SRR31228112	1021087983;1038975230	Burkina Faso: Nanoro
SRR31228116	1191955547;1245741792	Burkina Faso: Nanoro
SRR31228118	1099720137;1189828247	Burkina Faso: Nanoro
SRR31228121	1020759273;1064487615	Burkina Faso: Nanoro
SRR31228124	1176564726;1234691131	Burkina Faso: Nanoro
SRR31228126	1306861637;1386330087	Burkina Faso: Nanoro
SRR31228135	1225143967;1303504271	Burkina Faso: Nanoro
SRR31228137	1078003346;1116619115	Burkina Faso: Nanoro
SRR31228138	1036398917;1056361858	Burkina Faso: Nanoro
SRR31228145	1033982977;1083478190	Burkina Faso: Nanoro
SRR31228147	1264224195;1283559308	Burkina Faso: Nanoro
SRR31228148	1132024997;1175199717	Burkina Faso: Nanoro
SRR31228151	1253305593;1311349978	Burkina Faso: Nanoro
SRR31228152	1240967433;1295181995	Burkina Faso: Nanoro
SRR31228156	1036938312;1135597194	Burkina Faso: Nanoro
SRR31228159	1112069551;1147154909	Burkina Faso: Nanoro
SRR31228160	973608142;1021209549	Burkina Faso: Nanoro
SRR31228169	1029375868;1057648357	Burkina Faso: Nanoro
SRR31228171	1231058198;1289186417	Burkina Faso: Nanoro
SRR31228172	1086513669;1177658359	Burkina Faso: Nanoro
SRR31228177	1067557080;1115949572	Burkina Faso: Nanoro
SRR31228184	1073646583;1129745807	Burkina Faso: Nanoro
SRR31228185	1082320689;1118918104	Burkina Faso: Nanoro
SRR31228186	1044221664;1076948262	Burkina Faso: Nanoro
SRR31228187	968254157;1025494736	Burkina Faso: Nanoro
SRR31228188	1157003685;1202026041	Burkina Faso: Nanoro
SRR31228189	1061731653;1124198444	Burkina Faso: Nanoro
SRR31228191	1110012627;1170660170	Burkina Faso: Nanoro
SRR31228199	1113393654;1144884037	Burkina Faso: Nanoro
SRR31228204	1028807578;1057587209	Burkina Faso: Nanoro
SRR31228205	1058772435;1087937153	Burkina Faso: Nanoro
SRR31228206	1384386918;1449686725	Burkina Faso: Nanoro
SRR31228208	967009144;1023619642	Burkina Faso: Nanoro
SRR31228210	1130199385;1223398669	Burkina Faso: Nanoro
SRR31228211	1057855242;1086148337	Burkina Faso: Nanoro
SRR31228212	1058901049;1113542704	Burkina Faso: Nanoro
SRR31228219	1134955856;1223810218	Burkina Faso: Nanoro
SRR31228220	1210285626;1267357859	Burkina Faso: Nanoro
SRR31228223	1104278390;1180341544	Burkina Faso: Nanoro
SRR31228227	1206218241;1274329793	Burkina Faso: Nanoro
SRR31228228	1074210993;1106571710	Burkina Faso: Nanoro
SRR31228230	1269815639;1354919456	Burkina Faso: Nanoro
SRR31228231	1188683151;1229592814	Burkina Faso: Nanoro
SRR31228237	915823979;954768589	Burkina Faso: Nanoro
SRR31228241	1057008045;1129995908	Burkina Faso: Nanoro
SRR31228244	978759264;1012539322	Burkina Faso: Nanoro
SRR31228245	1011209748;1051086368	Burkina Faso: Nanoro
SRR31228249	1307713872;1347719666	Burkina Faso: Nanoro
SRR31228252	1094810115;1131633364	Burkina Faso: Nanoro
SRR31228254	1010114487;1074442869	Burkina Faso: Nanoro
SRR31228256	1089647721;1126082067	Burkina Faso: Nanoro
SRR31228257	1112824058;1135349783	Burkina Faso: Nanoro
SRR31228274	1217863138;1259554067	Burkina Faso: Nanoro
SRR31228275	1291692781;1313776109	Burkina Faso: Nanoro
SRR31228278	1285983764;1322925810	Burkina Faso: Nanoro
SRR31228282	955656597;994612815	Burkina Faso: Nanoro
SRR31228283	1038268007;1072121030	Burkina Faso: Nanoro
SRR31228284	1012287003;1048060282	Burkina Faso: Nanoro
SRR31228285	1172059520;1240580513	Burkina Faso: Nanoro
SRR31228288	1192979142;1263552168	Burkina Faso: Nanoro
SRR31228290	909007145;952921819	Burkina Faso: Nanoro
SRR31228291	1538599562;1575061354	Burkina Faso: Nanoro
SRR31228294	1096026860;1126180892	Burkina Faso: Nanoro
SRR31228296	1078375591;1141337583	Burkina Faso: Nanoro
SRR31228299	1170109277;1260637169	Burkina Faso: Nanoro
SRR31228305	1112426232;1164774000	Burkina Faso: Nanoro
SRR31228310	724327007;763375570	Burkina Faso: Nanoro
SRR31228311	1140408507;1208252076	Burkina Faso: Nanoro
SRR31228312	1169097406;1216787193	Burkina Faso: Nanoro
SRR31228314	1322250456;1367817418	Burkina Faso: Nanoro
SRR31239411	1046295886;1090515673	Ghana: Navrongo
SRR31239414	1088706906;1134833232	Ghana: Navrongo
SRR31239416	1390784226;1447096096	Ghana: Navrongo
SRR31239419	1238098605;1313853783	Ghana: Navrongo
SRR31239420	1259271149;1350118524	Ghana: Navrongo
SRR31239421	1146109080;1206152700	Ghana: Navrongo
SRR31239422	1292590369;1349803879	Ghana: Navrongo
SRR31239427	1204047500;1246235197	Ghana: Navrongo
SRR31239433	1031564972;1081271695	Ghana: Navrongo
SRR31239434	1127895102;1164806087	Ghana: Navrongo
SRR31239435	1118577677;1173232248	Ghana: Navrongo
SRR31239437	1122256950;1166029663	Ghana: Navrongo
SRR31239438	1095315894;1129949227	Ghana: Navrongo
SRR31239439	1975978870;2009653652	Ghana: Navrongo
SRR31239440	1138750021;1181288207	Ghana: Navrongo
SRR31239441	1154332029;1189190447	Ghana: Navrongo
SRR31239442	1350071233;1408487508	Ghana: Navrongo
SRR31239446	1117240200;1194506793	Ghana: Navrongo
SRR31239447	1108761547;1147389183	Ghana: Navrongo
SRR31239448	1165041965;1178101103	Ghana: Navrongo
SRR31239449	1269588097;1306603695	Ghana: Navrongo
SRR31239454	1179878795;1237545149	Ghana: Navrongo
SRR31239455	1260214396;1304388756	Ghana: Navrongo
SRR31239458	1496937684;1594210198	Ghana: Navrongo
SRR31239460	1334300345;1396737365	Ghana: Navrongo
SRR31239464	1164621346;1208674927	Ghana: Navrongo
SRR31239468	1079662729;1145523829	Ghana: Navrongo
SRR31239474	1084615768;1127260052	Ghana: Navrongo
SRR31239477	1226508486;1269767286	Ghana: Navrongo
SRR31239479	1130238382;1174609650	Ghana: Navrongo
SRR31239484	1187456479;1223793836	Ghana: Navrongo
SRR31239490	1219689108;1267288810	Ghana: Navrongo
SRR31239491	1098368424;1133608736	Ghana: Navrongo
SRR31239495	1043939982;1089442062	Ghana: Navrongo
SRR31239496	1147266724;1195651992	Ghana: Navrongo
SRR31239497	1150135286;1213926456	Ghana: Navrongo
SRR31239499	1085766457;1144613626	Ghana: Navrongo
SRR31239500	1033785502;1079793708	Ghana: Navrongo
SRR31239506	1053752373;1099115135	Ghana: Navrongo
SRR31239508	1030640916;1078185609	Ghana: Navrongo
SRR31239511	1041851910;1089745068	Ghana: Navrongo
SRR31239512	1059438329;1105328595	Ghana: Navrongo
SRR31239515	1065364588;1127120323	Ghana: Navrongo
SRR31239517	1170844872;1198654583	Ghana: Navrongo
SRR31239523	1170498851;1212670110	Ghana: Navrongo
SRR31239524	1034707933;1099974072	Ghana: Navrongo
SRR31239526	1104353746;1169634691	Ghana: Navrongo
SRR31239529	1069826227;1120440208	Ghana: Navrongo
SRR31239531	1249165472;1300570862	Ghana: Navrongo
SRR31239535	1179132653;1217758128	Ghana: Navrongo
SRR31239536	1256955937;1287689986	Ghana: Navrongo
SRR31239537	1173274380;1186171170	Ghana: Navrongo
SRR31239541	1107907716;1180226592	Ghana: Navrongo
SRR31239546	1089280423;1126186199	Ghana: Navrongo
SRR31239547	1129092639;1173337472	Ghana: Navrongo
SRR31239552	1179531683;1244530232	Ghana: Navrongo
SRR31239554	1065266697;1108493139	Ghana: Navrongo
SRR31239558	1110625315;1133107036	Ghana: Navrongo
SRR31239560	1274135103;1346346283	Ghana: Navrongo
SRR31239561	1140191451;1193818782	Ghana: Navrongo
SRR31239565	1107657879;1141079664	Ghana: Navrongo
SRR31239576	1234544814;1262709208	Ghana: Navrongo
SRR31239578	1065682742;1106991271	Ghana: Navrongo
SRR31239580	1130446406;1177837136	Ghana: Navrongo
SRR31239582	1092717603;1172110315	Ghana: Navrongo
SRR31239590	1230259988;1311105725	Ghana: Navrongo
SRR31239592	1249882496;1297183655	Ghana: Navrongo
SRR31239595	1239384223;1291332495	Ghana: Navrongo
SRR31239602	1112968255;1177960221	Ghana: Navrongo
SRR31239605	1204433935;1242872368	Ghana: Navrongo
SRR31239606	1291091994;1348819344	Ghana: Navrongo
SRR31239607	1312924317;1346201664	Ghana: Navrongo
SRR31239608	1151923337;1178536849	Ghana: Navrongo
SRR31239613	1445383475;1517947427	Ghana: Navrongo
SRR31239614	1031309939;1070776532	Ghana: Navrongo
SRR31239615	1308544190;1347949878	Ghana: Navrongo
SRR31239618	1264313938;1315296207	Ghana: Navrongo
SRR31239619	1272529140;1343553369	Ghana: Navrongo
SRR31239628	1274209420;1359286957	Ghana: Navrongo
SRR31239629	1077918193;1125554859	Ghana: Navrongo
SRR31239630	1236506859;1299181947	Ghana: Navrongo
SRR31239633	1178900416;1220544731	Ghana: Navrongo
SRR31239634	1236959838;1315553353	Ghana: Navrongo
SRR31239638	1054640060;1094609498	Ghana: Navrongo
SRR31239641	1160882711;1226247635	Ghana: Navrongo
SRR31239924	1205657253;1240435592	South Africa: DIMAMO
SRR31239925	1133220607;1171439870	South Africa: DIMAMO
SRR31239933	1021647917;1056993538	South Africa: DIMAMO
SRR31239935	914579127;949786367	South Africa: DIMAMO
SRR31239936	1234241582;1278105556	South Africa: DIMAMO
SRR31239937	1200191824;1257299316	South Africa: DIMAMO
SRR31239938	1195168932;1251863928	South Africa: DIMAMO
SRR31239939	1265041274;1368019219	South Africa: DIMAMO
SRR31239942	1043842149;1081623992	South Africa: DIMAMO
SRR31239943	1076991445;1114948388	South Africa: DIMAMO
SRR31239946	1103193923;1149625940	South Africa: DIMAMO
SRR31239948	1141041894;1171807075	South Africa: DIMAMO
SRR31239953	1090600251;1146015008	South Africa: DIMAMO
SRR31239955	1051386115;1080187419	South Africa: DIMAMO
SRR31239956	1124220096;1187473298	South Africa: DIMAMO
SRR31239957	1017972582;1055471203	South Africa: DIMAMO
SRR31239958	1052783389;1072034904	South Africa: DIMAMO
SRR31239966	1096916486;1143048756	South Africa: DIMAMO
SRR31239967	1152162627;1205200994	South Africa: DIMAMO
SRR31239977	1030098418;1067186974	South Africa: DIMAMO
SRR31239979	1097976685;1145383624	South Africa: DIMAMO
SRR31239991	1069054205;1121174695	South Africa: DIMAMO
SRR31239997	1125860656;1174166064	South Africa: DIMAMO
SRR31239998	1033923818;1095432511	South Africa: DIMAMO
SRR31239999	1242911295;1274646662	South Africa: DIMAMO
SRR31240005	1059100860;1091323227	South Africa: DIMAMO
SRR31240007	1226678979;1296838591	South Africa: DIMAMO
SRR31240010	1109917746;1146209123	South Africa: DIMAMO
SRR31240013	1101469135;1135840901	South Africa: DIMAMO
SRR31240015	1018149452;1056334363	South Africa: DIMAMO
SRR31240017	889694431;924548843	South Africa: DIMAMO
SRR31240021	1265808606;1326331319	South Africa: DIMAMO
SRR31240022	1208450063;1260190716	South Africa: DIMAMO
SRR31240030	1125780591;1205887186	South Africa: DIMAMO
SRR31240031	1006168161;1048273588	South Africa: DIMAMO
SRR31240039	988899563;1047031354	South Africa: DIMAMO
SRR31240040	1890554823;2024751813	South Africa: DIMAMO
SRR31240043	1150371369;1221100907	South Africa: DIMAMO
SRR31240047	1202219221;1247482981	South Africa: DIMAMO
SRR31240048	1278880359;1334373502	South Africa: DIMAMO
SRR31240049	1223181119;1283937683	South Africa: DIMAMO
SRR31240056	1053016709;1100985194	South Africa: DIMAMO
SRR31240057	1101095959;1145243513	South Africa: DIMAMO
SRR31240058	1300174562;1367742478	South Africa: DIMAMO
SRR31240060	1096171714;1126935089	South Africa: DIMAMO
SRR31240061	1050151076;1078680538	South Africa: DIMAMO
SRR31240065	1056575689;1082934226	South Africa: DIMAMO
SRR31240070	993993721;1030450818	South Africa: DIMAMO
SRR31240072	1057102568;1107561969	South Africa: DIMAMO
SRR31240073	1054815126;1099719511	South Africa: DIMAMO
SRR31240074	1647589593;1701457913	South Africa: DIMAMO
SRR31240075	1121636337;1155169157	South Africa: DIMAMO
SRR31240076	1046199278;1102211523	South Africa: DIMAMO
SRR31240077	1201289230;1252928558	South Africa: DIMAMO
SRR31240084	1057648255;1096065046	South Africa: DIMAMO
SRR31240087	1167637603;1190941316	South Africa: DIMAMO
SRR31240098	1242497877;1327780180	South Africa: DIMAMO
SRR31240101	1091684995;1167466069	South Africa: DIMAMO
SRR31240109	1146841322;1177248397	South Africa: DIMAMO
SRR31240113	1186994270;1268131429	South Africa: DIMAMO
SRR31240114	1149909686;1204047449	South Africa: DIMAMO
SRR31240115	1160652856;1208474704	South Africa: DIMAMO
SRR31240117	1255918942;1302892552	South Africa: DIMAMO
SRR31240123	1002323665;1056979784	South Africa: DIMAMO
SRR31242455	1243096757;1283185105	South Africa: Soweto
SRR31242457	1188229316;1244337199	South Africa: Soweto
SRR31242460	1057171650;1094675579	South Africa: Soweto
SRR31242462	976404172;1016052515	South Africa: Soweto
SRR31242463	1164905582;1206650776	South Africa: Soweto
SRR31242464	1030504892;1064593001	South Africa: Soweto
SRR31242466	1140468784;1178598412	South Africa: Soweto
SRR31242468	1032518115;1074695703	South Africa: Soweto
SRR31242473	1167303037;1190171493	South Africa: Soweto
SRR31242475	1135156561;1180155327	South Africa: Soweto
SRR31242479	1136397631;1218789523	South Africa: Soweto
SRR31242480	1044794667;1102104104	South Africa: Soweto
SRR31242481	1102038544;1149267905	South Africa: Soweto
SRR31242484	1220502533;1259850967	South Africa: Soweto
SRR31242489	1245652051;1310609645	South Africa: Soweto
SRR31242491	1089325225;1134891311	South Africa: Soweto
SRR31242494	1203736908;1247471407	South Africa: Soweto
SRR31242497	1268356313;1331658098	South Africa: Soweto
SRR31242500	1221981382;1252558519	South Africa: Soweto
SRR31242506	1185332958;1252215402	South Africa: Soweto
SRR31242509	1204786134;1265208664	South Africa: Soweto
SRR31242513	1127693958;1176732601	South Africa: Soweto
SRR31242515	1107137537;1151915253	South Africa: Soweto
SRR31242516	1052111048;1086167809	South Africa: Soweto
SRR31242517	1200179188;1250769242	South Africa: Soweto
SRR31242518	1107207813;1142996726	South Africa: Soweto
SRR31242519	1151593975;1220613229	South Africa: Soweto
SRR31242520	1091210150;1156658462	South Africa: Soweto
SRR31242525	1117569134;1145999471	South Africa: Soweto
SRR31242526	1058817733;1118898494	South Africa: Soweto
SRR31242529	1181163403;1230587872	South Africa: Soweto
SRR31242533	1207842029;1262997769	South Africa: Soweto
SRR31242540	1162347263;1205364205	South Africa: Soweto
SRR31242541	1009039926;1043574652	South Africa: Soweto
SRR31242542	1125383130;1184509787	South Africa: Soweto
SRR31242543	1045213788;1094087536	South Africa: Soweto
SRR31242547	975783215;1040563848	South Africa: Soweto
SRR31242548	1162025563;1220766004	South Africa: Soweto
SRR31242555	1074210794;1120070228	South Africa: Soweto
SRR31242556	1064468963;1101862292	South Africa: Soweto
SRR31242558	1117761804;1177716128	South Africa: Soweto
SRR31242565	1084013850;1121772655	South Africa: Soweto
SRR31242566	1091143919;1118872701	South Africa: Soweto
SRR31242573	1221643903;1283154845	South Africa: Soweto
SRR31242578	1216086673;1257950204	South Africa: Soweto
SRR31242579	1084199184;1148751415	South Africa: Soweto
SRR31242581	960883506;1013926403	South Africa: Soweto
SRR31242582	1031662037;1076088777	South Africa: Soweto
SRR31242585	1166613636;1181182455	South Africa: Soweto
SRR31242587	962487558;1004922781	South Africa: Soweto
SRR31242592	1046418012;1079626299	South Africa: Soweto
SRR31242593	1233346758;1279411929	South Africa: Soweto
SRR31242594	1136260987;1203243126	South Africa: Soweto
SRR31242595	1077999456;1133574911	South Africa: Soweto
SRR31242596	1014294832;1060850694	South Africa: Soweto
SRR31242601	1227131364;1296034200	South Africa: Soweto
SRR31242602	1349867303;1404978371	South Africa: Soweto
SRR31242604	1119059532;1160592069	South Africa: Soweto
SRR31242606	1275048216;1328361410	South Africa: Soweto
SRR31242610	1057182404;1100598498	South Africa: Soweto
SRR31242611	1035644588;1069927196	South Africa: Soweto
SRR31242613	1228184112;1299283741	South Africa: Soweto
SRR31242616	1682675252;1764448070	South Africa: Soweto
SRR31242618	1164854142;1228784339	South Africa: Soweto
SRR31242621	1327950966;1385916753	South Africa: Soweto
SRR31242630	1058546198;1097769753	South Africa: Soweto
SRR31242635	1295923513;1336738434	South Africa: Soweto
SRR31242636	1036363205;1050094189	South Africa: Soweto
SRR31242638	1065724420;1110258634	South Africa: Soweto
SRR31242639	1069458622;1125306923	South Africa: Soweto
SRR31242643	1180422942;1218065545	South Africa: Soweto
SRR31242644	1077454750;1130731931	South Africa: Soweto
SRR31242646	1151867514;1221407690	South Africa: Soweto
SRR31242650	1244923319;1346183096	South Africa: Soweto
SRR31242654	1053839978;1113786738	South Africa: Soweto
SRR31242657	1088403063;1141873135	South Africa: Soweto
SRR31242658	1855627687;1957750597	South Africa: Soweto
SRR31242659	1095852670;1106251725	South Africa: Soweto
SRR31242664	1291531483;1365151446	South Africa: Soweto
SRR31242665	1200668383;1261848564	South Africa: Soweto
SRR31242681	943479197;964418685	Kenya: Nairobi
SRR31242684	1247817985;1296840071	Kenya: Nairobi
SRR31242686	934030931;981697698	Kenya: Nairobi
SRR31242691	1095397185;1130090594	Kenya: Nairobi
SRR31242693	1062569918;1112606447	Kenya: Nairobi
SRR31242695	1120396239;1161086098	Kenya: Nairobi
SRR31242696	921864203;973976649	Kenya: Nairobi
SRR31242698	1088509982;1123866033	Kenya: Nairobi
SRR31242701	1143525255;1185002922	Kenya: Nairobi
SRR31242703	1140714412;1178930560	Kenya: Nairobi
SRR31242707	1071994226;1107068550	Kenya: Nairobi
SRR31242713	1258122190;1312968076	Kenya: Nairobi
SRR31242714	1257877216;1351168972	Kenya: Nairobi
SRR31242716	1033603269;1095859404	Kenya: Nairobi
SRR31242722	1173118488;1212162924	Kenya: Nairobi
SRR31242724	1063027306;1109028444	Kenya: Nairobi
SRR31242725	1181312148;1225237370	Kenya: Nairobi
SRR31242727	1060333284;1121541351	Kenya: Nairobi
SRR31242730	1158020529;1206483358	Kenya: Nairobi
SRR31242731	1226970274;1277014409	Kenya: Nairobi
SRR31242733	1209248324;1267842563	Kenya: Nairobi
SRR31242736	1236539445;1282772271	Kenya: Nairobi
SRR31242737	1150058336;1191353741	Kenya: Nairobi
SRR31242741	1173066706;1196130677	Kenya: Nairobi
SRR31242742	1138529264;1178813127	Kenya: Nairobi
SRR31242744	1248112346;1333000026	Kenya: Nairobi
SRR31242750	1026052534;1057330610	Kenya: Nairobi
SRR31242751	854828035;890490951	Kenya: Nairobi
SRR31242755	1247267323;1318625486	Kenya: Nairobi
SRR31242756	1182989170;1239571860	Kenya: Nairobi
SRR31242759	947724798;981303403	Kenya: Nairobi
SRR31242763	1157379526;1199211199	Kenya: Nairobi
SRR31242766	1150616278;1198705083	Kenya: Nairobi
SRR31242768	1031318218;1075733026	Kenya: Nairobi
SRR31242769	1004591116;1078065075	Kenya: Nairobi
SRR31242771	1064258447;1124545577	Kenya: Nairobi
SRR31242775	1025266038;1079672928	Kenya: Nairobi
SRR31242778	1346151240;1406835932	Kenya: Nairobi
SRR31242782	1107726442;1146484274	Kenya: Nairobi
SRR31242784	1171624595;1263025466	Kenya: Nairobi
SRR31242785	1078260270;1142380965	Kenya: Nairobi
SRR31242786	1222395470;1297680922	Kenya: Nairobi
SRR31242788	1084225378;1133406244	Kenya: Nairobi
SRR31242791	1163518806;1214347954	Kenya: Nairobi
SRR31242793	1129477668;1188215947	Kenya: Nairobi
SRR31242797	984023909;997056850	Kenya: Nairobi
SRR31242799	1315581569;1409023629	Kenya: Nairobi
SRR31242800	1261242484;1302632498	Kenya: Nairobi
SRR31242802	1156753441;1207892161	Kenya: Nairobi
SRR31242807	1288624659;1364039627	Kenya: Nairobi
SRR31242814	1105596962;1120250844	Kenya: Nairobi
SRR31242818	1036058585;1088164011	Kenya: Nairobi
SRR31242819	1217355072;1285499963	Kenya: Nairobi
SRR31242822	1118384260;1180196935	Kenya: Nairobi
SRR31242827	1139881216;1227649875	Kenya: Nairobi
SRR31242830	1065332948;1104717004	Kenya: Nairobi
SRR31242832	1293332054;1358230384	Kenya: Nairobi
SRR31242834	1050313969;1078152257	Kenya: Nairobi
SRR31242837	1220050906;1270407041	Kenya: Nairobi
SRR31242838	959646563;1004354997	Kenya: Nairobi
SRR31242843	1203877070;1261195526	Kenya: Nairobi
SRR31242844	1079153910;1125863763	Kenya: Nairobi
SRR31242845	1090545787;1155857673	Kenya: Nairobi
SRR31242846	1286507426;1342668301	Kenya: Nairobi
SRR31242849	1132088861;1173794033	Kenya: Nairobi
SRR31242850	1081344492;1125211800	Kenya: Nairobi
SRR31242851	1152596153;1223820296	Kenya: Nairobi
SRR31242854	1069262857;1102295746	Kenya: Nairobi
SRR31242855	1145219464;1193674383	Kenya: Nairobi
SRR31242858	1272769555;1329433875	Kenya: Nairobi
SRR31242860	1131357638;1195813817	Kenya: Nairobi
SRR31242861	1140612476;1179709891	Kenya: Nairobi
SRR31242865	1071635261;1115623400	Kenya: Nairobi
SRR31242866	1138424541;1171010641	Kenya: Nairobi
SRR31242871	1162463370;1211421454	Kenya: Nairobi
SRR31242874	1146294775;1182404301	Kenya: Nairobi
SRR31242875	1216526199;1312424621	Kenya: Nairobi
SRR31242879	1053555392;1066419442	Kenya: Nairobi
SRR31242885	1031918038;1079144975	Kenya: Nairobi
SRR31242887	1076403342;1124614302	Kenya: Nairobi
SRR31242888	1091569033;1125154976	Kenya: Nairobi
SRR31242890	1153111388;1183777938	Kenya: Nairobi
SRR31242895	1226519330;1271346974	Kenya: Nairobi
SRR31242897	1048861460;1102378328	Kenya: Nairobi
SRR31242900	1082146732;1145073480	Kenya: Nairobi
SRR31242908	1143144461;1191821684	Kenya: Nairobi
SRR31242909	1246816451;1281705610	Kenya: Nairobi
SRR31242914	1054147916;1126615663	Kenya: Nairobi
